,loss,acc
0,1.2208547353744508,0.483333334657881
1,1.1564309888415867,0.5319444444444444
2,1.1561397181616888,0.5333333359824286
3,1.1439332511689928,0.5333333320087856
4,1.1409340328640407,0.533333330684238
5,1.1396554893917508,0.5333333333333333
6,1.1354844040340848,0.533333334657881
7,1.1370107889175416,0.533333334657881
8,1.1338038523991902,0.5333333320087856
9,1.1286501248677572,0.5333333333333333
10,1.1321590847439236,0.5319444457689921
11,1.1303660021887885,0.5333333359824286
12,1.1254912667804293,0.5333333359824286
13,1.1276211924023098,0.5333333359824286
14,1.1227118227216932,0.533333334657881
15,1.1155440674887762,0.533333334657881
16,1.1218517276975843,0.533333330684238
17,1.1141303247875638,0.5319444431198967
18,1.1106535302268135,0.5333333333333333
19,1.1119125366210938,0.5319444457689921
20,1.1176820913950603,0.533333330684238
21,1.1073149151272244,0.5333333359824286
22,1.1120649284786648,0.5333333333333333
23,1.101881996790568,0.5333333320087856
24,1.1044002638922796,0.5319444431198967
25,1.103531101014879,0.5333333320087856
26,1.1031937970055474,0.5347222248713176
27,1.0996440238422818,0.5333333320087856
28,1.0973887218369378,0.5361111111111111
29,1.0994025389353435,0.5319444431198967
30,1.0970641851425171,0.5319444470935397
31,1.0926258908377753,0.533333330684238
32,1.0903344737158882,0.5361111084620158
33,1.0904253747728136,0.5361111084620158
34,1.0902524497773913,0.5305555555555556
35,1.0819976382785372,0.5319444431198967
36,1.0862117211023967,0.5333333320087856
37,1.0871069033940632,0.5319444470935397
38,1.0809685283237034,0.5333333326710595
39,1.0805442624621922,0.5374999993377262
40,1.0842472208870781,0.5388888862397936
41,1.0732881943384807,0.5319444457689921
42,1.0704944451649985,0.5347222195731269
43,1.0754737589094374,0.5319444457689921
44,1.0684196048312717,0.5319444470935397
45,1.0693496929274664,0.5333333333333333
46,1.069766632715861,0.5347222248713176
47,1.067441749572754,0.533333330684238
48,1.0669941557778253,0.5374999973509047
49,1.062263552347819,0.5347222208976745
50,1.0572274923324585,0.5347222195731269
51,1.0620649602678087,0.5375
52,1.0482306268480088,0.5361111104488373
53,1.056025062666999,0.5361111111111111
54,1.0535248597462972,0.5361111111111111
55,1.047720189889272,0.5361111097865634
56,1.0492262019051446,0.533333330684238
57,1.0483093063036601,0.5402777804268731
58,1.0508660091294182,0.5375000026490954
59,1.046539142396715,0.5374999986754523
60,1.0435113721423679,0.5347222222222222
61,1.044560562239753,0.5444444444444444
62,1.0407518678241305,0.5388888888888889
63,1.0448270400365194,0.5444444451067183
64,1.0372174845801458,0.5444444457689921
65,1.03933474222819,0.5402777777777777
66,1.0323457267549303,0.5388888915379842
67,1.030205202102661,0.5402777751286825
68,1.0314395454194811,0.5416666679912143
69,1.030838762389289,0.5430555529064602
70,1.0309828466839261,0.5388888915379842
71,1.0333610508177016,0.5430555568801032
72,1.026055677731832,0.5444444444444444
73,1.0224737538231743,0.5430555548932817
74,1.0257623540030585,0.5430555568801032
75,1.0252335257000393,0.5458333339956072
76,1.0223356697294448,0.5430555542310079
77,1.0202619314193726,0.5472222195731269
78,1.016329452726576,0.5486111084620158
79,1.0155112902323404,0.5472222222222223
80,1.0189402951134576,0.5388888875643413
81,1.0164684944682651,0.545833330684238
82,1.0088259352578057,0.5444444437821706
83,1.0160199377271864,0.5527777777777778
84,1.0083824899461535,0.5500000026490953
85,1.0059074719746908,0.5430555582046509
86,1.0085791640811497,0.5375
87,1.0024514648649427,0.5555555555555556
88,0.995741253428989,0.5527777751286824
89,1.0023903793758817,0.5430555568801032
90,0.9989560842514038,0.5472222195731269
91,1.0038382821612888,0.5430555542310079
92,0.9968968047036065,0.5541666679912143
93,0.9951276540756225,0.5486111124356587
94,0.9976317405700683,0.5472222195731269
95,0.9930230882432726,0.5527777764532301
96,0.9922324869367811,0.5444444444444444
97,0.9926688035329183,0.5472222208976746
98,0.9913593729337057,0.5597222222222222
99,0.988635367817349,0.5486111137602064
100,0.9859033928977119,0.5472222235467699
101,0.985810293091668,0.5583333359824286
102,0.9881851500935025,0.5569444431198968
103,0.9865281131532457,0.5486111111111112
104,0.9814908292558459,0.5527777804268731
105,0.9760017077128093,0.5513888915379842
106,0.9860185080104404,0.5472222248713176
107,0.9807270884513855,0.5486111097865635
108,0.9778661992814806,0.5513888888888889
109,0.9726300451490614,0.5527777751286824
110,0.9786198086208767,0.5527777804268731
111,0.969365119934082,0.5666666666666667
112,0.979745888710022,0.5444444417953491
113,0.9723564373122321,0.5597222222222222
114,0.9767564614613851,0.5513888895511627
115,0.9668050501081679,0.5597222215599484
116,0.9687734153535631,0.5513888895511627
117,0.9672429905997382,0.5597222215599484
118,0.9682941224839953,0.5569444417953491
119,0.9633356438742744,0.5652777764532301
120,0.9592792616950141,0.5569444444444445
121,0.973207253879971,0.5541666666666667
122,0.9650672674179077,0.5569444470935397
123,0.9558969073825412,0.558333334657881
124,0.9606902983453539,0.5583333359824286
125,0.960489633348253,0.5583333359824286
126,0.9498016781277127,0.5597222235467699
127,0.9610575490527683,0.5555555582046509
128,0.9504834519492256,0.5666666666666667
129,0.9538696514235603,0.5513888915379842
130,0.9555763668484158,0.5555555555555556
131,0.9549769851896498,0.5638888862397936
132,0.9477919949425592,0.5583333326710596
133,0.9428575356801351,0.5611111104488373
134,0.9491155703862508,0.5777777804268731
135,0.9479594257142808,0.5680555548932817
136,0.9578945557276408,0.5583333359824286
137,0.9471084700690375,0.5680555568801032
138,0.9384757121404012,0.5736111137602065
139,0.9422242270575629,0.5680555555555555
140,0.9436741484536065,0.551388888226615
141,0.9438134802712335,0.5750000026490953
142,0.9454314099417792,0.5666666679912143
143,0.9437019639545017,0.5597222208976745
144,0.9506512324015299,0.5472222222222223
145,0.9375120057000055,0.5791666679912143
146,0.9301789296997918,0.5777777777777777
147,0.9419291615486145,0.5597222222222222
148,0.9346171683735318,0.5652777804268732
149,0.9383648660447862,0.5652777764532301
150,0.9387812164094713,0.5652777791023255
151,0.9281158142619663,0.566666669315762
152,0.9341402504179213,0.566666669315762
153,0.9368674609396193,0.5555555582046509
154,0.9338524195883009,0.575
155,0.9292691442701552,0.570833330684238
156,0.9239291985829671,0.5638888882266151
157,0.921534005800883,0.5805555568801032
158,0.9299621476067437,0.5652777791023255
159,0.925187431441413,0.579166665342119
160,0.9321178780661689,0.5597222208976745
161,0.9252074784702725,0.5638888915379842
162,0.9171465992927551,0.5652777791023255
163,0.91538325548172,0.5694444470935398
164,0.9108902639812894,0.5777777751286824
165,0.9338806364271376,0.5722222208976746
166,0.9249955614407858,0.5777777777777777
167,0.9137442456351386,0.5763888862397936
168,0.9182064135869344,0.5722222208976746
169,0.9181322389178805,0.5722222248713176
170,0.9222791896926033,0.5750000026490953
171,0.9139620767699348,0.583333330684238
172,0.9148544179068672,0.575
173,0.9107216119766235,0.5819444457689921
174,0.9131549331876967,0.5819444444444445
175,0.9075727144877116,0.5847222195731269
176,0.9126736534966363,0.5638888862397936
177,0.9067182527648078,0.5888888902134366
178,0.91032901207606,0.583333330684238
179,0.9104014701313443,0.5805555529064602
180,0.9007698800828722,0.5749999973509047
181,0.9066349135504829,0.5791666640175713
182,0.906812744670444,0.5708333359824287
183,0.893104280365838,0.5930555568801033
184,0.8875089870558844,0.5805555555555556
185,0.8966169383790757,0.5805555568801032
186,0.904691673649682,0.5750000013245476
187,0.8850848423110114,0.5902777791023255
188,0.8983031140433417,0.5833333359824286
189,0.9003600226508246,0.575
190,0.9037751303778754,0.5763888862397936
191,0.9045522769292196,0.5736111111111111
192,0.887412412961324,0.595833334657881
193,0.8931006961398654,0.5888888862397935
194,0.8785667737325032,0.6013888915379842
195,0.9018879267904494,0.5833333333333334
196,0.8965057810147603,0.5861111111111111
197,0.8884398976961771,0.5833333320087857
198,0.8883506655693054,0.5861111137602064
199,0.8996470226181879,0.5861111124356587
200,0.892947502930959,0.5861111097865634
201,0.896923123465644,0.573611111773385
202,0.8841420504781935,0.5888888902134366
203,0.8884841945436266,0.5930555529064603
204,0.8814295980665419,0.5944444417953492
205,0.8909674551751878,0.5861111084620158
206,0.8827555470996433,0.5875
207,0.8816057973437839,0.5958333359824286
208,0.874666280216641,0.6069444444444444
209,0.8793537961112128,0.5805555555555556
210,0.870880839559767,0.616666665342119
211,0.8858759774102105,0.5902777751286824
212,0.870397072368198,0.5902777764532301
213,0.8818660418192545,0.583333330684238
214,0.8665487302674187,0.6055555582046509
215,0.877177894115448,0.5861111124356587
216,0.8730428682433234,0.5930555582046508
217,0.8773790240287781,0.5930555568801033
218,0.8753967470592923,0.6013888888888889
219,0.8802970170974731,0.6013888902134366
220,0.8780186414718628,0.5902777791023255
221,0.8861393955018785,0.5819444417953491
222,0.8683011240429348,0.604166669315762
223,0.8721263382169936,0.595833334657881
224,0.8702151497205098,0.5958333333333333
225,0.8785858776834276,0.5930555555555556
226,0.8598019295268589,0.6055555555555555
227,0.8637123624483745,0.6
228,0.8702313621838887,0.6180555542310079
229,0.8627451181411743,0.6083333359824287
230,0.8672588891453213,0.6124999973509047
231,0.8671528498331705,0.5958333320087856
232,0.8553624762429132,0.6166666666666667
233,0.8549486663606432,0.6069444444444444
234,0.8664839850531684,0.6138888862397935
235,0.8565695895089044,0.604166665342119
236,0.8489602711465624,0.5944444417953492
237,0.8660481360223559,0.6027777804268731
238,0.8574113845825195,0.6069444457689921
239,0.8523120058907403,0.6222222235467699
240,0.8555534058147006,0.6125
241,0.8534865895907084,0.604166665342119
242,0.8672508358955383,0.6152777764532301
243,0.8648949967490303,0.608333334657881
244,0.8534535646438599,0.5986111137602065
245,0.8555436107847426,0.6027777791023254
246,0.8609460817443,0.5972222222222222
247,0.8520247062047323,0.608333334657881
248,0.8541741053263346,0.6194444457689922
249,0.841744663980272,0.6180555582046509
250,0.8607822550667656,0.6069444470935398
251,0.848751797940996,0.6152777764532301
252,0.849026698536343,0.6222222195731268
253,0.857389427555932,0.6083333333333333
254,0.8465775609016418,0.6152777764532301
255,0.8415507660971747,0.6263888888888889
256,0.85122017065684,0.6138888915379842
257,0.8549619807137383,0.6083333359824287
258,0.8346855454974704,0.6055555568801032
259,0.8407622641987271,0.6097222222222223
260,0.8398496495352851,0.6319444457689921
261,0.8452126410272386,0.6125000026490953
262,0.8564202401373121,0.6000000013245477
263,0.841611980067359,0.6333333359824287
264,0.8435712615648906,0.6138888875643412
265,0.8525198300679525,0.6111111124356587
266,0.8409421417448256,0.6222222195731268
267,0.842090818617079,0.633333334657881
268,0.8339510493808322,0.6388888902134365
269,0.8444807913568285,0.625
270,0.8378385411368476,0.6013888915379842
271,0.8306877334912618,0.6152777764532301
272,0.8331464780701532,0.6277777764532301
273,0.84186915424135,0.616666665342119
274,0.8364925185839335,0.6222222248713175
275,0.8325766695870294,0.6250000013245477
276,0.8322996576627095,0.6166666666666667
277,0.8437075191073947,0.604166665342119
278,0.8252055088678996,0.6333333333333333
279,0.842271727985806,0.6180555555555556
280,0.8327488448884752,0.641666669315762
281,0.819978736506568,0.6291666679912143
282,0.8330060866143968,0.6097222235467699
283,0.8398694356282552,0.6180555582046509
284,0.832030795680152,0.625
285,0.8249126513799031,0.6319444444444444
286,0.8125279506047567,0.6513888902134366
287,0.8198951416545444,0.6222222248713175
288,0.8249993297788832,0.6486111137602064
289,0.8110603637165493,0.6291666666666667
290,0.8204719437493219,0.6375
291,0.8185187167591519,0.6513888888888889
292,0.8274518410364787,0.6083333359824287
293,0.8167739364835951,0.6222222222222222
294,0.8226498497856988,0.6486111097865634
295,0.809353666835361,0.6472222195731269
296,0.8378991100523207,0.6361111124356588
297,0.8171462363666958,0.6416666640175713
298,0.8300006137953864,0.6319444417953491
299,0.8208977394633823,0.6430555542310079
300,0.8318215820524427,0.6291666666666667
301,0.8129781431621975,0.641666665342119
302,0.8159564336140951,0.6319444417953491
303,0.8244127723905775,0.6277777791023255
304,0.8209349513053894,0.6319444470935398
305,0.8176844265725878,0.6472222222222223
306,0.8160052723354764,0.6333333359824287
307,0.8186550246344673,0.6375000026490953
308,0.8243423223495483,0.6486111137602064
309,0.8137699445088704,0.629166669315762
310,0.8064823574490018,0.6513888888888889
311,0.8099075184928046,0.6388888888888888
312,0.8050307816929287,0.6541666640175714
313,0.8177737580405341,0.6291666640175714
314,0.8107773966259426,0.6555555529064603
315,0.8095067421595256,0.6611111097865634
316,0.8091239518589444,0.6513888875643412
317,0.8201737708515591,0.6291666640175714
318,0.8137722982300652,0.6347222195731269
319,0.8061590949694316,0.6444444417953491
320,0.8054549879497952,0.6430555529064602
321,0.8069929096433851,0.6569444431198967
322,0.8112928973303901,0.654166665342119
323,0.8127924349572924,0.6305555555555555
324,0.8122797727584838,0.6305555529064603
325,0.8035554912355211,0.6486111137602064
326,0.8008673350016277,0.6416666679912143
327,0.80462955766254,0.6361111084620158
328,0.8070287916395399,0.658333334657881
329,0.7964468426174588,0.666666669315762
330,0.8186668925815158,0.6527777777777778
331,0.8011346048778958,0.6527777764532301
332,0.8053706937366062,0.6611111124356588
333,0.8132526199022929,0.629166669315762
334,0.7934316555658977,0.6458333333333334
335,0.8013117697503832,0.645833330684238
336,0.8165488852394952,0.6569444431198967
337,0.80311146179835,0.6527777804268731
338,0.792056491639879,0.6583333359824286
339,0.8029877569940355,0.6555555529064603
340,0.8097534497578939,0.6486111124356587
341,0.8124840550952488,0.6347222222222222
342,0.8011355704731411,0.6458333320087857
343,0.8006019896931118,0.6611111084620158
344,0.8036692168977525,0.6625
345,0.8043911695480347,0.6375000026490953
346,0.7840495083067153,0.6694444457689921
347,0.8008219944106207,0.6569444470935397
348,0.7977242575751411,0.6611111124356588
349,0.7963856008317736,0.6472222222222223
350,0.7976859702004326,0.6569444444444444
351,0.7951370331976149,0.6638888862397936
352,0.7945511632495457,0.6625000026490954
353,0.7767677638265822,0.6638888875643413
354,0.7954879641532898,0.6527777764532301
355,0.7920822872055902,0.6541666679912144
356,0.7960306141111586,0.6555555582046508
357,0.7831278151936001,0.6527777791023255
358,0.8011938518948025,0.6527777751286824
359,0.7842851413620843,0.6499999986754523
360,0.7779398255878025,0.6597222235467699
361,0.7992539485295613,0.6513888888888889
362,0.7809921370612251,0.6652777751286825
363,0.7986615419387817,0.6416666640175713
364,0.7948210067219205,0.6569444470935397
365,0.7757600982983907,0.6763888915379842
366,0.7852418767081366,0.6819444444444445
367,0.7805203623241849,0.6652777751286825
368,0.7854420423507691,0.6680555529064602
369,0.7782832596037123,0.6666666640175714
370,0.7823468777868483,0.6930555542310078
371,0.7778479390674167,0.6805555529064602
372,0.7974780797958374,0.6625
373,0.78975318007999,0.6597222222222222
374,0.7885196142726474,0.6638888915379842
375,0.7720367113749186,0.6861111137602064
376,0.7780250006251865,0.6833333359824286
377,0.7887934803962707,0.6625000013245477
378,0.7884309013684591,0.6694444457689921
379,0.7838747647073534,0.6722222222222223
380,0.7885950207710266,0.6583333320087856
381,0.7906115081575181,0.6597222222222222
382,0.7808439042833116,0.6708333359824287
383,0.7802559349271986,0.6694444444444444
384,0.7806280798382229,0.6736111111111112
385,0.7794328808784485,0.6541666666666667
386,0.7798033263948229,0.6638888902134366
387,0.7771461566289266,0.6750000013245476
388,0.7858798570103116,0.6791666679912143
389,0.7731427192687989,0.6527777791023255
390,0.7733946283658345,0.6750000026490953
391,0.7622179534700182,0.6930555529064603
392,0.7772919535636902,0.6833333359824286
393,0.7799678617053561,0.6541666666666667
394,0.7632390009032355,0.7013888902134365
395,0.7711901121669346,0.6847222222222222
396,0.7703245878219604,0.6736111084620158
397,0.7606470121277703,0.6888888902134366
398,0.7839956680933634,0.6666666640175714
399,0.7666858262485928,0.6749999986754524
400,0.7817881888813443,0.6708333359824287
401,0.7758778545591566,0.6694444457689921
402,0.76931355131997,0.6875000013245477
403,0.7698236968782213,0.6625000013245477
404,0.776320054796007,0.6777777791023254
405,0.7664546304278903,0.6722222222222223
406,0.7611710733837551,0.6819444457689922
407,0.7674771640035841,0.6763888902134365
408,0.7641804469956293,0.6888888862397936
409,0.7758296979798212,0.6513888915379842
410,0.777333860927158,0.6861111124356588
411,0.77395105626848,0.6874999986754523
412,0.7610372834735446,0.7013888888888888
413,0.7572654167811076,0.6763888902134365
414,0.7607807477315267,0.6847222235467699
415,0.7543851958380805,0.6819444457689922
416,0.7588929096857707,0.6847222222222222
417,0.7501829557948643,0.7111111111111111
418,0.7678431140051948,0.6888888915379842
419,0.7623027854495579,0.6874999986754523
420,0.7545843945609199,0.6916666666666667
421,0.7542893555429246,0.6944444444444444
422,0.7562412606345282,0.6902777791023255
423,0.7547900941636827,0.6944444431198968
424,0.7642146653599209,0.6625000026490954
425,0.7816875537236532,0.6694444417953491
426,0.7691555778185527,0.6819444444444445
427,0.7540341602431403,0.6875000026490953
428,0.7667882535192702,0.679166669315762
429,0.7581762552261353,0.6972222222222222
430,0.7677464697096082,0.6583333320087856
431,0.7529828151067098,0.6902777751286825
432,0.7458577394485474,0.6847222195731268
433,0.7572638683848911,0.6930555555555555
434,0.7703799221250746,0.6680555568801032
435,0.7604825470182631,0.6722222235467699
436,0.7545421944724189,0.6791666666666667
437,0.752922526995341,0.6902777751286825
438,0.7581189526451959,0.6958333320087857
439,0.7425618833965726,0.7069444417953491
440,0.7589714500639174,0.683333330684238
441,0.7520943337016636,0.6902777764532301
442,0.7428523845142788,0.7125
443,0.7500775231255425,0.6902777791023255
444,0.76528406408098,0.6736111097865635
445,0.7563952578438653,0.6986111137602065
446,0.7523445778422886,0.6930555542310078
447,0.747641204463111,0.7000000026490953
448,0.7540636579195659,0.6833333359824286
449,0.748339037100474,0.6930555582046509
450,0.7387514842881097,0.6972222248713176
451,0.7488131019804213,0.679166665342119
452,0.7607668969366286,0.6694444470935398
453,0.7407132877243889,0.7166666666666667
454,0.7414432287216186,0.6999999986754524
455,0.7517274538675944,0.6861111084620158
456,0.7547521498468187,0.6986111137602065
457,0.7389306518766615,0.6972222222222222
458,0.7579306734932794,0.6930555529064603
459,0.7629781524340312,0.6819444457689922
460,0.7347406175401475,0.6944444431198968
461,0.7546217030949063,0.6819444457689922
462,0.7311806347635057,0.7013888888888888
463,0.7378330111503602,0.6930555568801032
464,0.7445963554912143,0.6986111137602065
465,0.7262788640128242,0.7041666640175713
466,0.7430974430508084,0.7138888862397935
467,0.737066309981876,0.708333330684238
468,0.735390591621399,0.7013888915379842
469,0.736674099498325,0.7055555542310079
470,0.7397582782639398,0.6888888915379842
471,0.739872129758199,0.6958333359824287
472,0.7406002071168688,0.6930555529064603
473,0.7470598856608073,0.6986111124356588
474,0.7394854664802551,0.6972222222222222
475,0.7401102516386244,0.6986111111111111
476,0.7415295441945394,0.6763888915379842
477,0.7488670455084907,0.6930555542310078
478,0.7268805305163065,0.7111111097865634
479,0.738535479704539,0.7097222235467698
480,0.7493071582582261,0.6972222248713176
481,0.7241052879227532,0.7208333320087856
482,0.7404682768715752,0.6888888862397936
483,0.7317152778307597,0.7041666666666667
484,0.7381974617640178,0.6986111124356588
485,0.7447345985306634,0.6888888888888889
486,0.7443748050265842,0.695833330684238
487,0.7414810299873352,0.7041666666666667
488,0.7303157925605774,0.7138888902134366
489,0.7253358443578084,0.7097222195731269
490,0.7213925043741862,0.7111111111111111
491,0.7427731381522285,0.6972222248713176
492,0.736968821949429,0.683333330684238
493,0.7442474418216282,0.6944444431198968
494,0.7273818651835123,0.7000000013245476
495,0.7098997539944119,0.7208333359824286
496,0.7331938399208917,0.6944444444444444
497,0.7242346194055346,0.716666669315762
498,0.7326134747929043,0.7125000013245477
499,0.7246738407346938,0.7166666679912144
500,0.7237197756767273,0.7249999986754523
501,0.7198146528667874,0.7055555529064602
502,0.7451195200284322,0.7000000026490953
503,0.73968499634001,0.695833334657881
504,0.7134269171290928,0.7375000013245476
505,0.7219154530101353,0.7138888862397935
506,0.7183026353518168,0.7236111111111111
507,0.7245357116063436,0.7083333320087857
508,0.7378573391172621,0.7111111111111111
509,0.738615968492296,0.7013888902134365
510,0.7448184450467428,0.7097222235467698
511,0.727870355712043,0.725
512,0.7578802400165134,0.6916666679912143
513,0.7285905149247911,0.7111111124356587
514,0.7394725190268623,0.6958333333333333
515,0.7264294928974575,0.7027777804268731
516,0.7342061864005195,0.6819444444444445
517,0.7218513899379306,0.7125000026490953
518,0.7254937993155586,0.7138888888888889
519,0.7078236964013841,0.7166666679912144
520,0.7249400907092625,0.7166666666666667
521,0.7340542687310113,0.6902777751286825
522,0.7208577460712857,0.7236111124356588
523,0.7221465031305949,0.7125000013245477
524,0.7288870573043823,0.7097222222222223
525,0.7144902136590746,0.6972222235467699
526,0.7277050707075331,0.7055555529064602
527,0.7204764604568481,0.7138888902134366
528,0.7216300010681153,0.7152777804268731
529,0.7286432756317986,0.7111111137602064
530,0.7174198177125719,0.720833334657881
531,0.7206047932306926,0.6944444444444444
532,0.7164498567581177,0.7249999973509047
533,0.6964181025822958,0.7180555568801033
534,0.7354367600546943,0.7
535,0.7179679022894965,0.7041666679912143
536,0.7379053711891175,0.6888888888888889
537,0.7170303437444899,0.7111111097865634
538,0.7155509140756395,0.7069444457689921
539,0.7162587801615398,0.7152777791023255
540,0.7252474546432495,0.704166665342119
541,0.715317600303226,0.7180555555555556
542,0.7251318534215291,0.704166665342119
543,0.7288187570042081,0.7097222248713175
544,0.721933122475942,0.7069444457689921
545,0.7304241511556837,0.6972222248713176
546,0.7175192488564386,0.7138888875643412
547,0.7265371243158977,0.7138888862397935
548,0.716363791624705,0.7166666640175714
549,0.7340592172410753,0.7152777751286824
550,0.7333331743876139,0.6902777804268732
551,0.7173781394958496,0.7277777791023254
552,0.7112931198543972,0.7249999986754523
553,0.7294538736343383,0.6958333359824287
554,0.7112435433599684,0.7194444417953492
555,0.7100873814688788,0.7222222248713176
556,0.7141675406032139,0.7333333333333333
557,0.7213009489907158,0.6944444431198968
558,0.7262092034022013,0.7
559,0.7206922319200304,0.7041666640175713
560,0.7212761123975118,0.7180555555555556
561,0.7106751402219137,0.7249999973509047
562,0.7162653923034668,0.7236111137602065
563,0.7119864066441853,0.7277777751286825
564,0.7090396006902059,0.7152777764532301
565,0.7142178376515707,0.7069444444444445
566,0.693251183297899,0.7388888875643412
567,0.7118872046470642,0.7263888888888889
568,0.6923812998665704,0.7333333320087857
569,0.7068412873480056,0.7180555582046508
570,0.7192758136325412,0.7124999986754523
571,0.7025197333759732,0.7194444470935397
572,0.7126030789481269,0.7138888888888889
573,0.7062108026610481,0.7375
574,0.6992712365256415,0.7375000013245476
575,0.7154641217655606,0.7055555542310079
576,0.7175911717944675,0.7263888875643413
577,0.6857472393247817,0.7361111084620158
578,0.7029589520560371,0.7319444444444444
579,0.699634830156962,0.7152777751286824
580,0.6976134300231933,0.7305555542310079
581,0.6892500930362278,0.7263888888888889
582,0.7174937261475457,0.7236111137602065
583,0.7160759078131782,0.7083333333333334
584,0.695224134127299,0.7416666666666667
585,0.7042090667618646,0.7069444457689921
586,0.719328170352512,0.7069444457689921
587,0.7288860307799445,0.6833333320087857
588,0.7135188778241476,0.7138888888888889
589,0.710979946454366,0.7124999986754523
590,0.7039032512240939,0.7249999986754523
591,0.6939640031920539,0.733333330684238
592,0.6946058577961391,0.7361111124356587
593,0.6907366236050924,0.7333333359824287
594,0.7091277758280436,0.7222222235467699
595,0.6802729619873895,0.7472222195731268
596,0.7041767093870375,0.7277777804268731
597,0.7051236444049411,0.720833330684238
598,0.7073706123563979,0.7041666679912143
599,0.7246027972963122,0.7097222235467698
600,0.6991576539145575,0.7291666679912143
601,0.6953263918558756,0.7125000026490953
602,0.6852817946010166,0.7430555529064602
603,0.7015255133310954,0.725
604,0.7104384753439161,0.7208333333333333
605,0.7029007951418559,0.7472222208976745
606,0.6983790503607856,0.7430555568801032
607,0.6926277663972643,0.7236111097865634
608,0.6951803127924602,0.7277777764532302
609,0.6835557911131117,0.745833330684238
610,0.7057712687386407,0.7125000026490953
611,0.7046570976575216,0.7222222222222222
612,0.6925354480743409,0.745833330684238
613,0.7049071590105692,0.720833330684238
614,0.6754745086034138,0.7583333320087857
615,0.7000646882587009,0.7180555555555556
616,0.6821931229697333,0.7472222235467699
617,0.7082236051559448,0.7291666640175714
618,0.7033588608105977,0.733333334657881
619,0.6962616364161174,0.7263888875643413
620,0.6924579421679179,0.7374999986754524
621,0.6973964426252577,0.733333330684238
622,0.7040529131889344,0.7236111111111111
623,0.6673809846242269,0.7513888888888889
624,0.7010487900839911,0.7152777804268731
625,0.6765635093053182,0.7388888915379842
626,0.6789042658276028,0.7361111097865635
627,0.694729561275906,0.7361111097865635
628,0.6966518958409628,0.7305555529064602
629,0.6959052867359585,0.7319444470935398
630,0.6953594949510362,0.7319444431198968
631,0.6908730308214823,0.7208333333333333
632,0.6890183515018887,0.7194444457689921
633,0.6946469823519389,0.7222222222222222
634,0.7156661205821567,0.7180555582046508
635,0.6842138250668843,0.7402777804268731
636,0.7024633089701334,0.7291666640175714
637,0.6934298939175076,0.7180555555555556
638,0.7002737151251899,0.7166666679912144
639,0.6850520544581943,0.7402777804268731
640,0.6844284441736009,0.7361111084620158
641,0.6986622121598985,0.7333333359824287
642,0.6888330724504259,0.745833330684238
643,0.6887211614184909,0.7430555568801032
644,0.677944360838996,0.7555555542310078
645,0.6784232060114542,0.7472222235467699
646,0.69672601752811,0.7125000026490953
647,0.6931029425726997,0.7361111111111112
648,0.6928447908825345,0.7319444470935398
649,0.6822344925668504,0.7430555529064602
650,0.6880203472243415,0.7222222208976745
651,0.6768489599227905,0.7319444470935398
652,0.6709497544500563,0.7347222248713176
653,0.6893345289760165,0.7263888915379842
654,0.687828180525038,0.7444444457689922
655,0.683729640642802,0.7416666666666667
656,0.6759935723410713,0.7555555529064603
657,0.6798833383454217,0.7361111124356587
658,0.6837187634574042,0.7402777791023254
659,0.6854546758863661,0.7305555555555555
660,0.6961942778693305,0.7388888862397935
661,0.6881747007369995,0.7180555582046508
662,0.6892441537645128,0.7305555542310079
663,0.7000247531467014,0.7208333333333333
664,0.6982873731189304,0.7305555529064602
665,0.6776609500249227,0.7402777777777778
666,0.6827013863457574,0.7375000026490953
667,0.6635269390212165,0.7680555555555556
668,0.6795688655641344,0.7374999986754524
669,0.6577308019002278,0.7597222195731269
670,0.6812513669331869,0.745833334657881
671,0.675787991947598,0.7347222235467699
672,0.6721879204114278,0.7611111137602065
673,0.6735758662223816,0.741666665342119
674,0.6777328928311666,0.7305555529064602
675,0.6841421286265056,0.7486111124356588
676,0.6816557698779636,0.7375
677,0.6702416009373136,0.7611111137602065
678,0.6980989880032009,0.7180555568801033
679,0.67927518553204,0.7402777804268731
680,0.6829550531175401,0.7388888915379842
681,0.6673898922072516,0.7652777764532301
682,0.6731017722023858,0.7555555529064603
683,0.6833422978719076,0.7166666666666667
684,0.6800750811894735,0.7430555542310079
685,0.6762701961729262,0.7305555529064602
686,0.6830780294206408,0.7319444470935398
687,0.6791950411266751,0.7347222235467699
688,0.6950036605199178,0.7152777791023255
689,0.6739085647794936,0.7513888862397936
690,0.6603591601053874,0.7611111137602065
691,0.6861187868648105,0.745833330684238
692,0.6719637566142612,0.745833334657881
693,0.6789521932601928,0.7527777804268732
694,0.6889495094617207,0.7374999973509047
695,0.6651836302545335,0.7527777764532301
696,0.6806169801288181,0.7430555529064602
697,0.6904006812307569,0.7319444470935398
698,0.6721330086390177,0.7361111137602064
699,0.6832888417773777,0.7430555568801032
700,0.6846368842654758,0.7236111084620158
701,0.6850089192390442,0.7333333359824287
702,0.6732945839564005,0.7305555582046509
703,0.6635378532939487,0.7347222235467699
704,0.6757834951082865,0.7347222248713176
705,0.6769590457280477,0.7333333359824287
706,0.6785079677899678,0.7388888902134365
707,0.6678186972935994,0.7375000026490953
708,0.6668639951282077,0.758333330684238
709,0.6666788008477953,0.7388888862397935
710,0.6945510254965888,0.7430555568801032
711,0.6666382021374173,0.7263888902134366
712,0.6630735821194119,0.7402777791023254
713,0.6617522954940795,0.7555555529064603
714,0.663379512892829,0.7680555582046509
715,0.6582086231973436,0.7597222248713176
716,0.6780834317207336,0.7263888915379842
717,0.6780456145604451,0.7388888862397935
718,0.6669432507620917,0.7277777777777777
719,0.6691780712869432,0.7305555555555555
720,0.6547366287973192,0.7583333320087857
721,0.6669682833883498,0.7513888915379842
722,0.6511495775646634,0.7472222208976745
723,0.6674307531780667,0.7472222195731268
724,0.6814803467856513,0.7444444444444445
725,0.669251188966963,0.7527777764532301
726,0.6695186641481188,0.7375000026490953
727,0.6731263783242968,0.7569444444444444
728,0.6784642550680372,0.7361111111111112
729,0.6769505527284411,0.7402777791023254
730,0.6611041188240051,0.7472222195731268
731,0.6697014782163832,0.7402777764532301
732,0.688831094900767,0.7222222235467699
733,0.6745286411709256,0.7402777791023254
734,0.6719648480415344,0.7597222248713176
735,0.6752058453030056,0.7541666679912143
736,0.6583052900102403,0.7499999973509047
737,0.6540932152006361,0.7402777791023254
738,0.6612932920455933,0.7527777764532301
739,0.6750189728207059,0.7277777751286825
740,0.6541203790240817,0.7722222208976746
741,0.6579555789629619,0.7638888915379842
742,0.668007677131229,0.7555555529064603
743,0.6665305058161418,0.7375000013245476
744,0.6562648905648125,0.7430555568801032
745,0.6563502788543701,0.7486111111111111
746,0.6741184247864618,0.7513888875643412
747,0.6842890765931872,0.7375000013245476
748,0.6742662721210055,0.7513888875643412
749,0.6514424390263027,0.7499999973509047
750,0.6646353350745307,0.7305555529064602
751,0.6581578135490418,0.7458333359824286
752,0.6611373133129543,0.7527777764532301
753,0.6717127786742316,0.7458333320087857
754,0.6553030411402384,0.758333330684238
755,0.6525728225708007,0.7513888915379842
756,0.6537676890691121,0.7472222235467699
757,0.6539782219462924,0.7555555582046509
758,0.6808101097742717,0.7125000026490953
759,0.6783231735229492,0.7444444444444445
760,0.6693829337755839,0.7472222208976745
761,0.6542927953932021,0.7680555542310079
762,0.6561986049016316,0.7472222222222222
763,0.6543841163317362,0.758333330684238
764,0.6586677577760485,0.7541666666666667
765,0.6376960833867391,0.7763888915379842
766,0.6476565586196051,0.754166669315762
767,0.6553420305252076,0.7611111084620158
768,0.6693362474441529,0.7416666666666667
769,0.6626793517006768,0.7375000013245476
770,0.6774959246317546,0.7347222195731269
771,0.6577134119139777,0.7458333320087857
772,0.6736967696083916,0.7416666666666667
773,0.6523611161443922,0.7486111137602064
774,0.6546379407246907,0.7513888862397936
775,0.6645524965392219,0.7388888902134365
776,0.6632545789082845,0.745833330684238
777,0.6656885425249736,0.7472222222222222
778,0.6420865270826551,0.7541666666666667
779,0.6465071227815417,0.7638888902134365
780,0.6602666629685296,0.7388888888888889
781,0.6441141141785516,0.7638888862397936
782,0.6449181583192614,0.7652777791023254
783,0.6452600042025248,0.7541666640175714
784,0.663449826505449,0.7555555555555555
785,0.66148009830051,0.7527777804268732
786,0.6618803845511543,0.758333330684238
787,0.6418526887893676,0.7527777764532301
788,0.6501281950208876,0.7611111137602065
789,0.6489175505108303,0.7444444444444445
790,0.6437821918063693,0.7569444444444444
791,0.6522042486402724,0.7486111124356588
792,0.635162431663937,0.7611111097865635
793,0.6403621382183499,0.7763888875643412
794,0.6278759095403883,0.779166669315762
795,0.6513670802116394,0.7569444444444444
796,0.6589026159710354,0.741666665342119
797,0.6703384624587165,0.7402777791023254
798,0.6608306328455608,0.7736111111111111
799,0.6476849476496379,0.741666669315762
800,0.6545406738917033,0.7666666640175713
801,0.6498582535319858,0.7666666640175713
802,0.6599190327856276,0.7513888902134366
803,0.6484126567840576,0.7569444470935398
804,0.6420176612006293,0.745833334657881
805,0.6608540481991239,0.7569444444444444
806,0.6406752268473307,0.7597222235467699
807,0.6428669055302938,0.7777777791023255
808,0.6528037932184008,0.7527777764532301
809,0.6503719303343031,0.7611111084620158
810,0.6406134684880574,0.7583333359824287
811,0.6410407582918803,0.7680555582046509
812,0.6491064495510526,0.7611111124356588
813,0.6575050354003906,0.7513888862397936
814,0.6407688233587477,0.7750000013245477
815,0.6467423690689935,0.7597222195731269
816,0.6523469037479824,0.7611111084620158
817,0.6461871491538154,0.7611111084620158
818,0.6753317634264628,0.7430555529064602
819,0.6292610936694675,0.7791666666666667
820,0.6435807016160753,0.7555555529064603
821,0.6440877596537272,0.7805555542310079
822,0.6575033280584547,0.7694444457689921
823,0.6630692932340834,0.7541666666666667
824,0.634270715713501,0.7569444444444444
825,0.6297149101893107,0.7791666679912144
826,0.6378437916437785,0.7638888915379842
827,0.6682089686393737,0.7416666666666667
828,0.6527937995062933,0.7569444431198968
829,0.651213961177402,0.7541666640175714
830,0.6668740842077467,0.7402777764532301
831,0.6653642416000366,0.7388888875643412
832,0.65202337635888,0.770833330684238
833,0.6360350833998786,0.7472222248713175
834,0.6471383306715224,0.754166665342119
835,0.647314453125,0.7430555568801032
836,0.6396120203865899,0.7777777751286824
837,0.6445361998346116,0.7388888902134365
838,0.6407940414216783,0.770833330684238
839,0.6257805307706197,0.7763888875643412
840,0.6469650189081828,0.7569444444444444
841,0.6420381625493368,0.7555555542310078
842,0.641948029730055,0.7680555529064602
843,0.6605877849790786,0.7569444417953491
844,0.6287870910432604,0.7680555582046509
845,0.6252097222540114,0.7694444457689921
846,0.6449924230575561,0.7555555555555555
847,0.6671937121285333,0.7333333333333333
848,0.6541514992713928,0.7555555542310078
849,0.6433930304315355,0.7666666640175713
850,0.6584082047144572,0.7569444431198968
851,0.6242991778585646,0.7638888888888888
852,0.6538808213339912,0.7444444444444445
853,0.6202825705210367,0.7805555582046508
854,0.6592778417799208,0.7444444457689922
855,0.6402971651819017,0.7708333333333334
856,0.6677659445338779,0.7444444431198968
857,0.6567477001084222,0.7569444470935398
858,0.635791744126214,0.7736111097865634
859,0.6506001989046732,0.7499999973509047
860,0.6439660469690959,0.7624999986754524
861,0.6529781460762024,0.7569444431198968
862,0.6432537754376729,0.7680555529064602
863,0.637271437380049,0.7624999973509047
864,0.6431747873624166,0.754166669315762
865,0.6195559369193183,0.7902777751286825
866,0.6474125968085395,0.7375000026490953
867,0.6310334430800544,0.7652777764532301
868,0.6337931487295363,0.7638888915379842
869,0.6292299535539415,0.7625000013245476
870,0.6278580201996697,0.7861111097865634
871,0.6486300865809123,0.7430555529064602
872,0.6498826887872484,0.779166665342119
873,0.6272354231940376,0.775
874,0.6517601953612433,0.7569444444444444
875,0.6388433456420899,0.7555555555555555
876,0.6559826612472535,0.7652777751286824
877,0.6457861065864563,0.7597222235467699
878,0.6425100962320963,0.7652777804268731
879,0.6272871335347493,0.7777777751286824
880,0.6535161044862535,0.7361111137602064
881,0.6484833386209276,0.7666666679912143
882,0.6427112963464525,0.7611111084620158
883,0.6425020337104798,0.7611111097865635
884,0.6474700901243422,0.7555555555555555
885,0.6421381698714362,0.7444444457689922
886,0.6532034715016682,0.7527777804268732
887,0.636927580833435,0.7833333320087856
888,0.6497930434015062,0.7680555542310079
889,0.6483875460094876,0.7486111097865634
890,0.6302293671502007,0.7611111124356588
891,0.6238052871492173,0.7652777751286824
892,0.6421151558558146,0.766666669315762
893,0.6391634954346551,0.7541666679912143
894,0.6312462329864502,0.7583333333333333
895,0.6214430703057183,0.7611111137602065
896,0.6477837893697951,0.7499999986754523
897,0.6250522587034437,0.7611111137602065
898,0.6131234407424927,0.7680555555555556
899,0.6363628149032593,0.7847222208976745
900,0.6243297166294521,0.7666666640175713
901,0.6200614902708266,0.7555555582046509
902,0.6403885311550565,0.7583333333333333
903,0.6090605603324042,0.7777777804268731
904,0.6441478967666626,0.7625000026490953
905,0.615702047612932,0.7791666679912144
906,0.6188927782906426,0.7736111124356587
907,0.637165547741784,0.7611111124356588
908,0.649160361289978,0.7444444431198968
909,0.6400719245274862,0.7638888888888888
910,0.6318590998649597,0.7736111111111111
911,0.6425291087892321,0.7638888915379842
912,0.6354333692126803,0.7486111097865634
913,0.6213720758756002,0.7777777751286824
914,0.6325771450996399,0.7805555582046508
915,0.6277015990681118,0.7694444444444445
916,0.6266749501228333,0.7763888888888889
917,0.6359997126791213,0.7736111124356587
918,0.6339791880713569,0.7638888862397936
919,0.6300887240303887,0.7611111084620158
920,0.6361512515279982,0.7486111137602064
921,0.6328628328111436,0.7486111137602064
922,0.6146377484003703,0.7763888915379842
923,0.648495250278049,0.7736111124356587
924,0.6339010569784377,0.7680555568801032
925,0.6418568717108832,0.7458333333333333
926,0.62943115234375,0.7736111084620158
927,0.619964501592848,0.7569444444444444
928,0.6062416235605875,0.7708333333333334
929,0.6311606076028612,0.770833334657881
930,0.6134774181577894,0.7694444470935398
931,0.6434642977184719,0.7569444417953491
932,0.6026685184902615,0.7888888902134366
933,0.626680588722229,0.7763888888888889
934,0.6391857677035861,0.7694444470935398
935,0.6194516830974155,0.7777777751286824
936,0.6221519960297479,0.7763888902134366
937,0.6258483979437086,0.7777777777777778
938,0.627476175626119,0.7708333359824286
939,0.6072352634535896,0.7819444431198967
940,0.6309480746587117,0.7541666640175714
941,0.6329192201296489,0.7875000026490954
942,0.6473314669397142,0.7472222222222222
943,0.6245908657709758,0.7694444417953491
944,0.6441944228278266,0.7486111084620158
945,0.634281575679779,0.758333334657881
946,0.6567484166887071,0.7680555568801032
947,0.6167574803034465,0.7722222195731269
948,0.6157164136568706,0.7611111111111111
949,0.6318559990988837,0.7750000013245477
950,0.6330760876337688,0.7750000026490953
951,0.6046773797935909,0.7847222222222222
952,0.6319213999642266,0.7569444444444444
953,0.6335430370436774,0.7750000013245477
954,0.6367868330743578,0.7486111097865634
955,0.6116230567296346,0.7805555555555556
956,0.6221970028347439,0.775
957,0.6394647253884209,0.7611111097865635
958,0.6286498890982734,0.7638888888888888
959,0.6143419398201837,0.7777777804268731
960,0.6190296040640937,0.7694444417953491
961,0.6159366382492913,0.7777777777777778
962,0.61035033331977,0.7777777804268731
963,0.6240759134292603,0.7625000013245476
964,0.6262812746895684,0.7722222208976746
965,0.6268003066380818,0.7625000026490953
966,0.6193361030684577,0.7833333320087856
967,0.601356041431427,0.7777777764532301
968,0.6236134780777826,0.758333334657881
969,0.6434506111674838,0.7597222248713176
970,0.6229323850737678,0.7722222235467698
971,0.6207290901078119,0.7652777751286824
972,0.6198472950193618,0.7680555582046509
973,0.6232758363087972,0.766666669315762
974,0.6115278747346666,0.7777777791023255
975,0.6352007561259799,0.7666666679912143
976,0.6182595650355022,0.7888888888888889
977,0.6178070770369636,0.7652777804268731
978,0.6172119379043579,0.7777777764532301
979,0.6193471127086215,0.7583333333333333
980,0.6261875179078844,0.7750000013245477
981,0.6085309584935507,0.770833334657881
982,0.6267626126607259,0.7638888862397936
983,0.6261455734570821,0.7680555582046509
984,0.6303584297498067,0.766666665342119
985,0.6184060268931919,0.783333334657881
986,0.6325019717216491,0.7694444417953491
987,0.6146272646056281,0.7847222222222222
988,0.6028512875239055,0.7805555568801033
989,0.6139797117975023,0.7819444457689921
990,0.6371373176574707,0.7472222208976745
991,0.6300277166896396,0.7652777764532301
992,0.5772121879789565,0.7916666679912143
993,0.6205913848347134,0.7777777804268731
994,0.6187909152772691,0.7569444457689921
995,0.6290858454174466,0.7652777791023254
996,0.6423456112543742,0.7513888915379842
997,0.5960444066259596,0.7930555542310079
998,0.6227609713872274,0.7680555555555556
999,0.598451652791765,0.7791666640175714
1000,0.5877504693137274,0.7916666666666666
1001,0.6084273457527161,0.7777777764532301
1002,0.6210533579190572,0.7638888888888888
1003,0.6184191902478536,0.7805555555555556
1004,0.6113982876141866,0.7680555555555556
1005,0.6121162851651509,0.7680555529064602
1006,0.6045352498690287,0.7708333359824286
1007,0.6189003547032674,0.7625000013245476
1008,0.614920175075531,0.7694444417953491
1009,0.6294040984577602,0.7430555582046509
1010,0.6399053480890062,0.7597222248713176
1011,0.6245530737770928,0.7777777804268731
1012,0.6321064472198487,0.770833330684238
1013,0.608994205792745,0.779166669315762
1014,0.6229380951987372,0.7625
1015,0.6276415732171801,0.7569444431198968
1016,0.6224208845032586,0.7805555568801033
1017,0.6013399071163601,0.7861111137602065
1018,0.6382743424839443,0.7597222208976746
1019,0.6163293427891201,0.7888888875643413
1020,0.6110188497437371,0.7861111111111111
1021,0.6274511522716946,0.7638888915379842
1022,0.5985163781378005,0.7958333320087857
1023,0.6266558753119574,0.7555555542310078
1024,0.6211479584376017,0.7680555529064602
1025,0.6162887016932169,0.7847222222222222
1026,0.6354806900024415,0.7611111084620158
1027,0.6112447010146247,0.7680555582046509
1028,0.6265425708558824,0.7625000013245476
1029,0.6098764565255906,0.7847222222222222
1030,0.5987384491496616,0.7847222222222222
1031,0.5954660654067994,0.7930555555555555
1032,0.6094132343928019,0.783333330684238
1033,0.6180315070682102,0.7694444444444445
1034,0.626399122344123,0.7583333359824287
1035,0.5909870862960815,0.7958333320087857
1036,0.622178836663564,0.766666665342119
1037,0.6086384680536058,0.7819444470935397
1038,0.5904867026540969,0.7986111137602064
1039,0.6197797656059265,0.7680555542310079
1040,0.6138547844356961,0.7833333333333333
1041,0.610100081231859,0.7680555542310079
1042,0.6246824582417806,0.7624999986754524
1043,0.6130251023504469,0.7569444457689921
1044,0.6286473592122396,0.7833333359824286
1045,0.6099184340900845,0.775
1046,0.6149149550331964,0.7916666640175714
1047,0.6139502631293403,0.7805555529064603
1048,0.6229930149184333,0.7763888915379842
1049,0.6142820186085172,0.7736111084620158
1050,0.6181254267692566,0.758333330684238
1051,0.6154148499170939,0.7833333359824286
1052,0.6130415731006198,0.7777777751286824
1053,0.6284828689363268,0.7624999973509047
1054,0.6112889210383098,0.7749999973509046
1055,0.5972783750957913,0.7944444470935398
1056,0.6105281763606601,0.7694444470935398
1057,0.607431075308058,0.7750000013245477
1058,0.6175536553064982,0.7777777751286824
1059,0.6055326912138197,0.7875
1060,0.6139141016536289,0.779166669315762
1061,0.5976516286532084,0.7861111084620158
1062,0.5839413470692105,0.8097222208976745
1063,0.6189565671814813,0.7750000013245477
1064,0.5909061378902859,0.7791666640175714
1065,0.6118054336971707,0.7833333320087856
1066,0.6130007743835449,0.7819444470935397
1067,0.6203769935501946,0.7680555555555556
1068,0.6143766641616821,0.766666665342119
1069,0.6030628628200955,0.7652777791023254
1070,0.6083230257034302,0.7805555542310079
1071,0.62292011446423,0.7694444470935398
1072,0.624686000082228,0.7666666640175713
1073,0.5789423081609938,0.7944444431198968
1074,0.6028446131282382,0.7819444470935397
1075,0.6067443132400513,0.7888888888888889
1076,0.6118706305821736,0.7611111124356588
1077,0.5838116884231568,0.7986111097865635
1078,0.590436659918891,0.7986111097865635
1079,0.6167259242799547,0.7638888862397936
1080,0.5844868554009331,0.7791666640175714
1081,0.600656787554423,0.7736111084620158
1082,0.6050039476818508,0.7833333333333333
1083,0.6080123954349094,0.7847222222222222
1084,0.6136246707704333,0.7958333320087857
1085,0.6057966536945767,0.7916666640175714
1086,0.6036049207051595,0.7805555542310079
1087,0.5961591826544868,0.7888888888888889
1088,0.600746746857961,0.7874999973509047
1089,0.616296316517724,0.7750000013245477
1090,0.5962971687316895,0.7972222195731269
1091,0.6021271718872918,0.7819444444444444
1092,0.5935434937477112,0.7708333320087857
1093,0.6109252002504136,0.7805555555555556
1094,0.5986435876952277,0.7847222248713176
1095,0.587492995791965,0.808333334657881
1096,0.6097850110795763,0.7736111137602064
1097,0.5940147545602587,0.7749999986754523
1098,0.6122504684660169,0.7722222235467698
1099,0.6103858192761739,0.7888888888888889
1100,0.5823531852828132,0.8055555582046509
1101,0.6235326343112522,0.7708333359824286
1102,0.6047516796323988,0.7638888915379842
1103,0.5993052469359503,0.7680555529064602
1104,0.6030174573262532,0.7902777777777777
1105,0.6071060631010268,0.7861111124356588
1106,0.6097253110673693,0.7777777804268731
1107,0.6070720301734076,0.7833333359824286
1108,0.5901424725850423,0.7930555542310079
1109,0.6073581139246623,0.7805555582046508
1110,0.612727783785926,0.779166669315762
1111,0.622253868314955,0.7597222248713176
1112,0.5844454473919338,0.783333330684238
1113,0.6025557107395596,0.7861111084620158
1114,0.6077366696463691,0.7722222235467698
1115,0.5770249923070272,0.795833334657881
1116,0.5981712791654799,0.7972222222222223
1117,0.5970033367474874,0.7777777764532301
1118,0.6002193159527249,0.7763888902134366
1119,0.6053558203909132,0.7611111111111111
1120,0.5731409404012892,0.7944444444444444
1121,0.599423188633389,0.7972222248713176
1122,0.5909862041473388,0.7944444470935398
1123,0.5853932751549615,0.7902777751286825
1124,0.5832275377379523,0.7902777804268731
1125,0.6104454583591885,0.7749999986754523
1126,0.595318161116706,0.7861111137602065
1127,0.5854688273535834,0.7986111124356587
1128,0.5896160152223375,0.8000000013245476
1129,0.5799102359347873,0.7958333359824287
1130,0.6223754220538669,0.7569444417953491
1131,0.5967255459891425,0.7847222195731269
1132,0.5972345511118571,0.7736111124356587
1133,0.5987895588080089,0.7902777791023254
1134,0.5874662478764852,0.7749999986754523
1135,0.6199181530210707,0.7416666679912143
1136,0.6084393792682223,0.7611111137602065
1137,0.5645055492719014,0.8069444444444445
1138,0.5782117744286855,0.8000000026490953
1139,0.5977594667010837,0.7916666640175714
1140,0.5971633301840888,0.7777777777777778
1141,0.6139433979988098,0.7777777791023255
1142,0.5957102232509189,0.7777777751286824
1143,0.5980370905664232,0.7902777777777777
1144,0.61154023276435,0.7736111137602064
1145,0.6002258565690782,0.766666669315762
1146,0.6115222414334615,0.7680555555555556
1147,0.5960354195700751,0.7847222248713176
1148,0.6287505335277981,0.7611111137602065
1149,0.6143602715598212,0.7694444431198968
1150,0.6019890162679884,0.7819444444444444
1151,0.6067851689126756,0.7861111084620158
1152,0.6245351990063985,0.7763888862397935
1153,0.6009107192357381,0.7708333333333334
1154,0.5890508479542202,0.7999999973509047
1155,0.5855051279067993,0.7902777764532302
1156,0.5995429436365763,0.7805555529064603
1157,0.588695560561286,0.7888888915379842
1158,0.5851271655824449,0.8000000013245476
1159,0.5756644050280253,0.7791666640175714
1160,0.6068634430567423,0.7722222235467698
1161,0.5969390273094177,0.7847222235467699
1162,0.6060078382492066,0.783333330684238
1163,0.5856349759631687,0.7777777764532301
1164,0.5887829661369324,0.7875
1165,0.5943458795547485,0.7680555529064602
1166,0.6136978334850736,0.7708333333333334
1167,0.5870746546321445,0.7805555582046508
1168,0.6017132004102071,0.7777777764532301
1169,0.577355502711402,0.7930555529064602
1170,0.5851581798659431,0.7874999986754523
1171,0.5886245396402147,0.8055555568801032
1172,0.6128195259306166,0.7736111124356587
1173,0.5892132057083977,0.7847222222222222
1174,0.6053323414590623,0.7861111097865634
1175,0.6315186421076456,0.7736111097865634
1176,0.6113743795288934,0.7833333359824286
1177,0.5963251299328274,0.8013888875643412
1178,0.6097987360424466,0.7777777751286824
1179,0.6134330126974318,0.7819444457689921
1180,0.598433588610755,0.779166669315762
1181,0.5949925621350606,0.7777777751286824
1182,0.6057484812206693,0.7833333333333333
1183,0.5935109032524957,0.795833334657881
1184,0.5889602979024251,0.7833333333333333
1185,0.6082015050782098,0.7750000013245477
1186,0.5803073114818997,0.7861111111111111
1187,0.5957093669308556,0.7750000026490953
1188,0.5954717410935296,0.7777777764532301
1189,0.6094474328888787,0.7611111137602065
1190,0.5980908897187974,0.7833333333333333
1191,0.5947701123025683,0.7749999973509046
1192,0.6059115939670139,0.7763888862397935
1193,0.5914930515819126,0.7833333320087856
1194,0.585241068734063,0.791666665342119
1195,0.6034158150355021,0.7736111137602064
1196,0.5765150758955214,0.7930555542310079
1197,0.5829292893409729,0.7805555529064603
1198,0.6061733484268188,0.7680555568801032
1199,0.5958019614219665,0.779166665342119
1200,0.5788963251643711,0.8055555542310079
1201,0.5898979756567213,0.7888888888888889
1202,0.5828156908353169,0.8041666640175713
1203,0.5884683503044976,0.7999999986754524
1204,0.604748871591356,0.7888888915379842
1205,0.5961843185954624,0.7847222208976745
1206,0.6112165159649319,0.7555555542310078
1207,0.6042251891560024,0.7861111111111111
1208,0.5872866206698948,0.7930555582046509
1209,0.5967384139696758,0.7847222222222222
1210,0.5673369831509061,0.8083333359824286
1211,0.5652961307101779,0.8138888902134366
1212,0.5990479442808363,0.7736111084620158
1213,0.6010100669331021,0.7555555555555555
1214,0.5771672593222724,0.7916666679912143
1215,0.5997091942363315,0.7638888888888888
1216,0.5858724488152398,0.7763888875643412
1217,0.5874189363585578,0.7861111124356588
1218,0.575094383292728,0.8111111111111111
1219,0.5595734516779581,0.7916666679912143
1220,0.596954984135098,0.7958333359824287
1221,0.5921390665902032,0.7902777804268731
1222,0.6008030268881056,0.7861111137602065
1223,0.5764793475468953,0.7888888915379842
1224,0.5764901492330763,0.7986111084620158
1225,0.5989152299033271,0.7875000026490954
1226,0.5918871641159058,0.7763888888888889
1227,0.5785645180278354,0.8013888915379842
1228,0.5929373529222276,0.791666669315762
1229,0.571173424853219,0.7986111084620158
1230,0.585379261440701,0.7861111137602065
1231,0.6021515435642666,0.7777777764532301
1232,0.5716371125645108,0.7847222235467699
1233,0.566335592004988,0.7875
1234,0.5704432818624708,0.8125000013245477
1235,0.5957892378171284,0.7736111097865634
1236,0.6085099657376607,0.7652777791023254
1237,0.5656900419129266,0.7875000013245477
1238,0.5875545448727078,0.8069444431198968
1239,0.561955890390608,0.7986111084620158
1240,0.5759464992417229,0.7847222208976745
1241,0.5810957736439175,0.7847222208976745
1242,0.5840954462687175,0.8
1243,0.5741486840777927,0.7805555542310079
1244,0.588513363732232,0.7722222248713175
1245,0.5783840258916219,0.7791666666666667
1246,0.572286593914032,0.7930555582046509
1247,0.5735414531495836,0.804166665342119
1248,0.5668822897805108,0.7833333359824286
1249,0.572012992699941,0.7972222222222223
1250,0.5805462810728285,0.7902777777777777
1251,0.6005260070164998,0.7750000013245477
1252,0.6146650062666998,0.758333330684238
1253,0.5797534624735514,0.7819444470935397
1254,0.5837112545967102,0.7805555582046508
1255,0.5931195590231154,0.7736111097865634
1256,0.5797103140089247,0.7888888888888889
1257,0.5989441712697346,0.7777777804268731
1258,0.5906268927786086,0.7847222208976745
1259,0.5791271150112152,0.8013888902134365
1260,0.5806896766026814,0.795833334657881
1261,0.5688519835472107,0.7916666666666666
1262,0.5558437691794501,0.8222222208976746
1263,0.5875836451848347,0.7819444417953492
1264,0.567178033457862,0.7999999986754524
1265,0.5572585940361023,0.8263888888888888
1266,0.5748216284645928,0.7972222195731269
1267,0.5744691636827257,0.7916666640175714
1268,0.5792913993199666,0.791666669315762
1269,0.584528288576338,0.7944444457689921
1270,0.5713842338985867,0.7930555542310079
1271,0.5600804236200121,0.7888888888888889
1272,0.5696291075812445,0.7986111124356587
1273,0.574034927950965,0.7888888888888889
1274,0.556412504778968,0.808333330684238
1275,0.6001012881596883,0.7652777777777777
1276,0.569611112276713,0.7944444417953491
1277,0.5761213302612305,0.8000000013245476
1278,0.574780735704634,0.7958333359824287
1279,0.6117131127251519,0.7638888915379842
1280,0.5869209898842705,0.7888888862397936
1281,0.568333688709471,0.7986111111111112
1282,0.5881374968422783,0.7736111111111111
1283,0.5635772678587172,0.8055555529064602
1284,0.578788341416253,0.7833333320087856
1285,0.5855814735094707,0.7833333333333333
1286,0.592449054453108,0.7888888915379842
1287,0.5819096048672994,0.7930555529064602
1288,0.5630852493974897,0.8097222248713175
1289,0.5954521788491143,0.7763888915379842
1290,0.5763226959440443,0.7930555529064602
1291,0.582417164908515,0.7986111084620158
1292,0.5928172985712687,0.7819444444444444
1293,0.5780492583910625,0.8069444444444445
1294,0.570354413986206,0.7930555555555555
1295,0.5672877920998467,0.7888888875643413
1296,0.5711594925986396,0.8055555568801032
1297,0.5833666364351908,0.7861111111111111
1298,0.5818019443088107,0.7916666666666666
1299,0.5746028476291233,0.8097222248713175
1300,0.5692541042963664,0.7944444417953491
1301,0.5761888225873312,0.7902777777777777
1302,0.5794520550303989,0.8013888862397935
1303,0.5591811577479044,0.7972222222222223
1304,0.5368495914671156,0.816666669315762
1305,0.5618849608633253,0.8069444431198968
1306,0.5863221406936645,0.7736111084620158
1307,0.5578796439700656,0.8055555542310079
1308,0.6057159119182163,0.7791666679912144
1309,0.5848155366049872,0.7819444457689921
1310,0.5928248359097374,0.7819444457689921
1311,0.5676257345411513,0.791666669315762
1312,0.5938051448927986,0.7749999973509046
1313,0.5880650321642558,0.7916666666666666
1314,0.5866307497024537,0.7763888875643412
1315,0.5818914519415961,0.7861111137602065
1316,0.5738452487521701,0.7972222248713176
1317,0.5878643367025588,0.7736111084620158
1318,0.5781051748328738,0.8013888915379842
1319,0.5512319366137187,0.8180555529064603
1320,0.5887883305549622,0.7875000013245477
1321,0.5699857844246758,0.7999999986754524
1322,0.573326153225369,0.7930555568801032
1323,0.5924091047710842,0.7597222248713176
1324,0.5625298380851745,0.8083333333333333
1325,0.5756480481889513,0.7791666679912144
1326,0.5712851179970635,0.7944444444444444
1327,0.5704092476103041,0.7888888915379842
1328,0.5698819716771444,0.8013888888888889
1329,0.5666945616404215,0.8027777804268731
1330,0.5682792849010891,0.7777777777777778
1331,0.5817650344636706,0.804166665342119
1332,0.5519321958223978,0.8069444444444445
1333,0.565958579381307,0.7958333320087857
1334,0.5704947484864129,0.7916666679912143
1335,0.5795025242699517,0.7972222248713176
1336,0.5323202927907308,0.8138888875643412
1337,0.5559416823916965,0.8097222208976745
1338,0.5927005648612976,0.7847222222222222
1339,0.5911112772093878,0.7888888902134366
1340,0.5893655856450398,0.7888888888888889
1341,0.5631195108095804,0.8041666640175713
1342,0.5431321965323554,0.8111111084620158
1343,0.5869509127404955,0.7805555582046508
1344,0.5731804649035136,0.7847222222222222
1345,0.5688873476452297,0.8055555529064602
1346,0.5737939066357083,0.8069444417953491
1347,0.5688185546133253,0.8013888862397935
1348,0.5782403786977132,0.7902777804268731
1349,0.5876792920960321,0.7916666640175714
1350,0.5761714220046997,0.7930555555555555
1351,0.5715776536199781,0.7999999973509047
1352,0.5717041412989299,0.7972222195731269
1353,0.5587204323874579,0.8055555529064602
1354,0.5798189149962532,0.7972222248713176
1355,0.5724359446101719,0.7930555582046509
1356,0.568978238105774,0.8083333333333333
1357,0.5371705426110162,0.8055555542310079
1358,0.5851787381701999,0.7847222222222222
1359,0.5643234809239706,0.7986111124356587
1360,0.5584466563330757,0.8013888902134365
1361,0.5614371193779839,0.7999999986754524
1362,0.5678371416197883,0.791666665342119
1363,0.5822064293755426,0.8041666640175713
1364,0.5840299208958943,0.775
1365,0.5639498008622064,0.7930555568801032
1366,0.5765568600760566,0.7944444431198968
1367,0.5683133655124241,0.8249999973509047
1368,0.5497838033570184,0.8083333359824286
1369,0.5478852695888943,0.8069444470935397
1370,0.571218831009335,0.783333330684238
1371,0.5701031499438816,0.795833334657881
1372,0.5624405344327291,0.7847222195731269
1373,0.573610356118944,0.7847222195731269
1374,0.5729944997363621,0.7902777791023254
1375,0.5327325741449992,0.8388888902134366
1376,0.5684857037332323,0.7958333320087857
1377,0.5758493966526456,0.779166665342119
1378,0.5680621438556247,0.7861111097865634
1379,0.5606362435552809,0.7930555542310079
1380,0.5573200345039367,0.808333334657881
1381,0.5671697510613336,0.7777777764532301
1382,0.5543414288096957,0.8055555582046509
1383,0.5739597121874491,0.7930555555555555
1384,0.5742039177152846,0.8069444457689922
1385,0.5808054208755493,0.7958333359824287
1386,0.5798473861482408,0.7791666679912144
1387,0.5865636600388421,0.7847222222222222
1388,0.5666422923405965,0.7819444444444444
1389,0.5777228156725566,0.7902777791023254
1390,0.5652254833115472,0.7944444457689921
1391,0.5721865945392185,0.7888888875643413
1392,0.5718942244847616,0.7930555555555555
1393,0.5690556910302904,0.808333330684238
1394,0.5592221657435099,0.8194444417953491
1395,0.5708568586243523,0.7874999986754523
1396,0.5459046045939128,0.8180555568801032
1397,0.5787701884905497,0.7833333333333333
1398,0.5663337998920017,0.8027777751286824
1399,0.5458931393093533,0.7958333333333333
1400,0.5653872066073947,0.8138888875643412
1401,0.5905933035744562,0.7888888902134366
1402,0.5453246831893921,0.8111111124356588
1403,0.5767193211449517,0.7972222208976746
1404,0.5585864517423842,0.7958333359824287
1405,0.5568262086974249,0.7999999973509047
1406,0.5542006982697381,0.808333334657881
1407,0.5571738560994466,0.7902777804268731
1408,0.5709446085823907,0.7944444431198968
1409,0.5499672094980875,0.7972222208976746
1410,0.546809548801846,0.8027777751286824
1411,0.573620633284251,0.7777777751286824
1412,0.5541784538163079,0.8180555555555555
1413,0.5718214167488946,0.7874999973509047
1414,0.5612338145573934,0.804166665342119
1415,0.5755596061547598,0.7902777751286825
1416,0.574055650499132,0.7930555555555555
1417,0.5786785417132907,0.7874999973509047
1418,0.5487973438368903,0.8180555542310078
1419,0.5980332573254903,0.7666666640175713
1420,0.5392904467052884,0.7986111124356587
1421,0.5644420478079054,0.8111111111111111
1422,0.5615380313661363,0.7999999986754524
1423,0.5441748513115777,0.8055555568801032
1424,0.5731494029362997,0.7944444457689921
1425,0.5483354886372884,0.8027777751286824
1426,0.5848642852571275,0.7722222248713175
1427,0.5665542417102389,0.8
1428,0.5759128385119968,0.8041666666666667
1429,0.5754134946399265,0.7763888875643412
1430,0.5670067363315159,0.8111111084620158
1431,0.5579414712058173,0.8069444457689922
1432,0.557272113694085,0.8013888902134365
1433,0.560605153772566,0.7958333320087857
1434,0.5795331398646036,0.7805555555555556
1435,0.5673516021834479,0.795833330684238
1436,0.5410763820012411,0.7958333320087857
1437,0.5619815852906969,0.7902777804268731
1438,0.5596443163024054,0.8013888915379842
1439,0.5470628645684984,0.8097222235467699
1440,0.5718804544872708,0.7902777804268731
1441,0.5557076030307346,0.7888888888888889
1442,0.5648248751958211,0.7861111137602065
1443,0.5533877584669326,0.8041666666666667
1444,0.5424511498875089,0.8055555582046509
1445,0.5402424719598559,0.8138888862397936
1446,0.572656057940589,0.7986111097865635
1447,0.531058132648468,0.825
1448,0.5725233952204386,0.7874999986754523
1449,0.5608129183451335,0.8055555529064602
1450,0.5301850186453925,0.820833330684238
1451,0.5664575788709852,0.808333334657881
1452,0.5474953677919175,0.8180555542310078
1453,0.5730016271273295,0.7875
1454,0.5677028788460625,0.7930555568801032
1455,0.5484996146625942,0.8041666666666667
1456,0.5642494002978007,0.8013888862397935
1457,0.5424360374609629,0.8125000013245477
1458,0.5490339146720038,0.8069444431198968
1459,0.5368900550736322,0.8125000013245477
1460,0.5729779124259948,0.7861111084620158
1461,0.5745189057456123,0.7999999973509047
1462,0.5659449232949151,0.7944444444444444
1463,0.5613197591569689,0.7944444444444444
1464,0.5872132817904154,0.7861111084620158
1465,0.5449357496367561,0.8152777777777778
1466,0.5561722967359755,0.8041666666666667
1467,0.5406498750050862,0.8152777791023255
1468,0.5770737621519301,0.8
1469,0.5697429524527655,0.7944444457689921
1470,0.5424661437670389,0.8055555529064602
1471,0.527739425500234,0.8222222235467699
1472,0.5660722004042731,0.7972222235467699
1473,0.5490980691379971,0.8000000026490953
1474,0.5435787479082743,0.8152777791023255
1475,0.565039520793491,0.7888888902134366
1476,0.5642514109611512,0.7888888875643413
1477,0.5550881187121074,0.7972222208976746
1478,0.542535063955519,0.8194444417953491
1479,0.563702568742964,0.7888888902134366
1480,0.5639902671178182,0.7888888888888889
1481,0.5469375981224908,0.7986111111111112
1482,0.5812198877334595,0.8027777804268731
1483,0.5564565473132663,0.7944444417953491
1484,0.5557344105508593,0.8013888875643412
1485,0.5440051198005676,0.8041666640175713
1486,0.5462222529782189,0.8166666679912143
1487,0.5397724072138469,0.8027777764532301
1488,0.5466857605510288,0.820833334657881
1489,0.5426163170072767,0.8083333333333333
1490,0.5653990414407518,0.8013888875643412
1491,0.5397210518519083,0.804166669315762
1492,0.5622397687700059,0.7930555542310079
1493,0.5160280929671394,0.8277777764532301
1494,0.5340502076678806,0.8180555568801032
1495,0.5645395848486159,0.7972222208976746
1496,0.5560412698321873,0.8027777804268731
1497,0.5831720855500963,0.7861111111111111
1498,0.5612762954499987,0.7874999973509047
1499,0.5534462398952908,0.8166666679912143
1500,0.551122158103519,0.8152777791023255
1501,0.5505494972070059,0.8069444457689922
1502,0.5412537071439955,0.8180555582046509
1503,0.5686826984087626,0.7875000026490954
1504,0.5421402348412407,0.8138888875643412
1505,0.5497193309995864,0.7972222248713176
1506,0.5454116185506185,0.8013888902134365
1507,0.5515862789418963,0.8069444457689922
1508,0.5494382633103265,0.808333334657881
1509,0.5523042142391205,0.8069444457689922
1510,0.5603121161460877,0.8
1511,0.5820402661959331,0.7930555568801032
1512,0.5434474587440491,0.8236111137602065
1513,0.5300002839830187,0.8069444470935397
1514,0.552488292588128,0.7902777764532302
1515,0.56445472240448,0.7902777777777777
1516,0.5707228263219197,0.7916666666666666
1517,0.5661145302984449,0.7986111111111112
1518,0.5558038261201647,0.8152777791023255
1519,0.5358512904908922,0.8000000013245476
1520,0.5333234005504184,0.8069444444444445
1521,0.5676376130845812,0.7986111084620158
1522,0.559104339281718,0.7861111084620158
1523,0.5453164623843298,0.808333334657881
1524,0.5430405928028954,0.8152777764532301
1525,0.5592426379521688,0.7916666666666666
1526,0.5440690345234341,0.8097222248713175
1527,0.5666546808348761,0.7888888875643413
1528,0.5464276446236505,0.8152777804268732
1529,0.5475061708026462,0.8166666679912143
1530,0.5568170348803202,0.7958333320087857
1531,0.5416482183668349,0.8069444457689922
1532,0.5493726929028829,0.795833334657881
1533,0.557200370894538,0.8069444470935397
1534,0.5766846285925971,0.7611111084620158
1535,0.527011145485772,0.8333333320087857
1536,0.5483557873302036,0.8041666640175713
1537,0.5401324192682903,0.808333334657881
1538,0.5598660522037082,0.8111111137602064
1539,0.5648362822002835,0.791666665342119
1540,0.557403838634491,0.7958333320087857
1541,0.5345010240872701,0.8152777791023255
1542,0.5571641842524211,0.795833334657881
1543,0.5468148907025655,0.8013888902134365
1544,0.5454573684268528,0.8152777751286825
1545,0.549096041255527,0.8097222208976745
1546,0.5690130657619901,0.7972222208976746
1547,0.5624004973305596,0.8083333333333333
1548,0.5465805133183798,0.8000000026490953
1549,0.558185895284017,0.8069444470935397
1550,0.5435450368457371,0.7958333359824287
1551,0.5460125340355767,0.8194444417953491
1552,0.5566757877667745,0.8194444457689921
1553,0.5318027257919311,0.8138888888888889
1554,0.5590810696283977,0.7791666679912144
1555,0.5531369023852878,0.8000000026490953
1556,0.5722111728456285,0.7791666666666667
1557,0.5446450326177809,0.8111111124356588
1558,0.5787066777547201,0.7930555555555555
1559,0.5616334252887302,0.7791666666666667
1560,0.5494867245356242,0.8111111097865634
1561,0.5324208113882277,0.8222222248713176
1562,0.5737643520037333,0.7916666640175714
1563,0.5392635332213508,0.8208333333333333
1564,0.5654944698015849,0.7944444431198968
1565,0.5579711410734388,0.8013888862397935
1566,0.563990506860945,0.7944444457689921
1567,0.5739738384882609,0.7888888862397936
1568,0.5466923210355971,0.8097222248713175
1569,0.5415402405791813,0.8111111137602064
1570,0.5466372410456339,0.7819444457689921
1571,0.5523225890265571,0.7916666640175714
1572,0.5512106272909376,0.8138888902134366
1573,0.5459401567776998,0.8055555555555556
1574,0.5498766912354364,0.8000000026490953
1575,0.5457684132787917,0.8124999986754523
1576,0.56725648244222,0.7819444444444444
1577,0.5477569394641453,0.8069444417953491
1578,0.5607105546527439,0.7861111137602065
1579,0.5422673490312364,0.8069444417953491
1580,0.5412579364246792,0.808333330684238
1581,0.5180765231450398,0.8166666640175714
1582,0.5533462405204773,0.7902777804268731
1583,0.5595187928941515,0.8027777791023254
1584,0.5371314644813537,0.8222222235467699
1585,0.5580613811810812,0.779166669315762
1586,0.5551142944229974,0.8041666640175713
1587,0.558182786570655,0.7972222208976746
1588,0.5660451670487722,0.7833333333333333
1589,0.5406343115700616,0.7958333333333333
1590,0.5444490419493782,0.804166669315762
1591,0.536098739835951,0.8277777764532301
1592,0.5299637238184611,0.8152777764532301
1593,0.5618182751867506,0.7999999986754524
1594,0.5349800719155205,0.8097222235467699
1595,0.5313509808646308,0.8138888862397936
1596,0.5280099206500584,0.8124999973509047
1597,0.5430340965588888,0.8027777804268731
1598,0.5374164799849193,0.7986111137602064
1599,0.5475100265608893,0.8083333320087857
1600,0.560182695918613,0.7944444457689921
1601,0.5310225314564175,0.8111111084620158
1602,0.5682326727443271,0.7722222222222223
1603,0.5600382738643223,0.7972222248713176
1604,0.5574156648582882,0.7986111137602064
1605,0.5454947895473904,0.8111111124356588
1606,0.5482825371954176,0.8055555529064602
1607,0.5478088921970792,0.7972222235467699
1608,0.5304615239302317,0.8236111124356588
1609,0.5367959366904365,0.8305555542310079
1610,0.5749141242769029,0.8013888902134365
1611,0.5411953091621399,0.8097222235467699
1612,0.5427840974595811,0.8027777804268731
1613,0.5445036980840895,0.8055555568801032
1614,0.531403042210473,0.8180555542310078
1615,0.5686930338541667,0.7986111111111112
1616,0.5785264041688707,0.7833333320087856
1617,0.5455294105741713,0.8055555582046509
1618,0.5714794715245565,0.8069444444444445
1619,0.5518073916435242,0.8138888902134366
1620,0.5549403071403504,0.8083333320087857
1621,0.5490720788637797,0.8013888888888889
1622,0.5292690409554376,0.8166666666666667
1623,0.5308178477817111,0.8138888902134366
1624,0.5341482930713229,0.8069444470935397
1625,0.5649333212110731,0.7666666679912143
1626,0.5450873626603021,0.8166666666666667
1627,0.5558268692758348,0.8152777791023255
1628,0.5584266662597657,0.8055555542310079
1629,0.5337150600221422,0.8055555529064602
1630,0.553708279132843,0.8000000026490953
1631,0.5530714233716328,0.804166665342119
1632,0.5589289042684767,0.7805555555555556
1633,0.5548184050454034,0.7916666679912143
1634,0.5255337145593432,0.8138888902134366
1635,0.5488617526160346,0.8222222208976746
1636,0.5277942313088311,0.8236111124356588
1637,0.529954344034195,0.8111111097865634
1638,0.5458634157975515,0.7999999986754524
1639,0.5580934637122684,0.7875
1640,0.5265259570545621,0.8111111084620158
1641,0.5549479617012871,0.8041666666666667
1642,0.5620384401745266,0.7972222248713176
1643,0.5363862911860148,0.8347222208976746
1644,0.5516778455840217,0.8097222195731268
1645,0.533225229051378,0.8208333359824287
1646,0.5296814282735188,0.8319444431198968
1647,0.5335150122642517,0.8111111111111111
1648,0.5633357127507528,0.8111111137602064
1649,0.5376822272936503,0.7972222248713176
1650,0.5213284426265292,0.820833334657881
1651,0.5383230050404867,0.8069444457689922
1652,0.5211251431041294,0.8194444444444444
1653,0.556709172990587,0.7930555529064602
1654,0.5672149671448602,0.7888888902134366
1655,0.5282105671034919,0.8180555542310078
1656,0.5568770580821567,0.8027777764532301
1657,0.5346837917963664,0.8152777791023255
1658,0.5462619794739617,0.7944444457689921
1659,0.55063390466902,0.8097222248713175
1660,0.5584316756990221,0.7930555542310079
1661,0.5380554609828525,0.8055555529064602
1662,0.5628356814384461,0.7902777804268731
1663,0.5259924478001065,0.8194444417953491
1664,0.5528175724877251,0.7819444444444444
1665,0.5557770662837558,0.7972222248713176
1666,0.5170736749966939,0.8305555555555556
1667,0.5281998952229817,0.8208333333333333
1668,0.5356923732492659,0.8055555542310079
1669,0.5717179305023617,0.795833334657881
1670,0.5491884006394281,0.7944444431198968
1671,0.5443005296919081,0.8111111111111111
1672,0.5301582548353407,0.8111111084620158
1673,0.5165423234303792,0.8277777764532301
1674,0.5218264341354371,0.8069444457689922
1675,0.5356977456145816,0.8055555542310079
1676,0.5501823875639174,0.8097222195731268
1677,0.5368253072102864,0.8194444431198968
1678,0.5652540180418226,0.8069444457689922
1679,0.533059397008684,0.8111111124356588
1680,0.5247360852029589,0.8083333333333333
1681,0.5598902251985338,0.7916666640175714
1682,0.5502881672647264,0.8166666640175714
1683,0.5256238540013631,0.8208333320087857
1684,0.5587309545940823,0.7972222195731269
1685,0.5379353006680806,0.8055555582046509
1686,0.5242595778571235,0.8236111111111111
1687,0.5494100987911225,0.7916666679912143
1688,0.5412981073061626,0.8069444431198968
1689,0.5533855107095507,0.7777777791023255
1690,0.5423541804154713,0.8124999973509047
1691,0.5200784378581577,0.8138888875643412
1692,0.5417139689127605,0.8097222248713175
1693,0.5170520438088311,0.8222222222222222
1694,0.5310575882593791,0.8138888888888889
1695,0.5474492165777418,0.8222222208976746
1696,0.5247299061881171,0.8097222195731268
1697,0.554818664656745,0.7972222248713176
1698,0.5626671976513333,0.7944444470935398
1699,0.5438576486375597,0.8013888915379842
1700,0.5154663165410359,0.8194444444444444
1701,0.5399538397789001,0.8083333359824286
1702,0.5345436228646172,0.8124999986754523
1703,0.5462333957354227,0.8111111124356588
1704,0.5190107140276167,0.8277777804268731
1705,0.5417096820142534,0.8000000013245476
1706,0.5356624603271485,0.8180555555555555
1707,0.5391126659181383,0.820833334657881
1708,0.5189069840643141,0.8250000026490953
1709,0.537067170937856,0.7916666679912143
1710,0.5363069494565328,0.7972222248713176
1711,0.5421749525600009,0.808333330684238
1712,0.531226560804579,0.8027777751286824
1713,0.5109358641836378,0.8166666666666667
1714,0.5360461049609714,0.8111111111111111
1715,0.5238228890630934,0.8152777791023255
1716,0.5545238044526842,0.7902777777777777
1717,0.5189730975362989,0.8138888915379842
1718,0.543914160463545,0.7847222195731269
1719,0.549254568417867,0.8152777791023255
1720,0.520008561346266,0.8305555529064602
1721,0.5314302139812046,0.8166666640175714
1722,0.5250695453749763,0.8069444470935397
1723,0.539857886897193,0.8180555582046509
1724,0.5397796312967936,0.808333330684238
1725,0.5192336777846018,0.8208333320087857
1726,0.5398343708780077,0.8055555582046509
1727,0.5258798665470548,0.8138888875643412
1728,0.5229294253720178,0.8166666666666667
1729,0.5443455272250706,0.7972222235467699
1730,0.5213120089636909,0.8236111124356588
1731,0.5550117095311483,0.7861111111111111
1732,0.5495452615949843,0.7847222248713176
1733,0.5176010602050357,0.8166666679912143
1734,0.5445473194122314,0.8194444444444444
1735,0.5459023171001011,0.7972222235467699
1736,0.5239063355657789,0.8152777777777778
1737,0.5587400866879357,0.8013888862397935
1738,0.5249798231654697,0.8069444431198968
1739,0.5234369066026475,0.804166669315762
1740,0.5188384877310859,0.8138888875643412
1741,0.5399029956923591,0.8083333333333333
1742,0.5591586338149177,0.7861111084620158
1743,0.5376849055290223,0.8124999973509047
1744,0.5605133096377055,0.7972222235467699
1745,0.5466173079278734,0.8097222195731268
1746,0.5259749359554715,0.8083333359824286
1747,0.5252863274680244,0.8194444444444444
1748,0.5412338773409525,0.8124999986754523
1749,0.54163605372111,0.7986111084620158
1750,0.5437364829911127,0.8125000013245477
1751,0.5110585835244921,0.8236111084620158
1752,0.5388244734870062,0.7944444417953491
1753,0.5359342998928494,0.8180555568801032
1754,0.5673994812700484,0.7902777777777777
1755,0.5244284676180946,0.8138888888888889
1756,0.5233547025256686,0.8222222222222222
1757,0.5487385696834988,0.7916666679912143
1758,0.5365062382486131,0.8125000013245477
1759,0.5250219689475165,0.8236111137602065
1760,0.5362536946932475,0.791666669315762
1761,0.5466185940636529,0.8194444470935398
1762,0.560427184899648,0.7986111097865635
1763,0.5542966710196601,0.8027777777777778
1764,0.5421927551428477,0.8069444417953491
1765,0.5279626058207618,0.8319444444444445
1766,0.5373498770925734,0.7972222195731269
1767,0.5103621509340074,0.8291666679912143
1768,0.5312428792317708,0.8138888915379842
1769,0.5273000081380208,0.8166666640175714
1770,0.5349501000510322,0.7986111097865635
1771,0.5297052515877618,0.8138888902134366
1772,0.5320215450392829,0.8138888915379842
1773,0.5413306050830418,0.8041666679912143
1774,0.533681583404541,0.8097222195731268
1775,0.5272148158815172,0.7986111137602064
1776,0.5368674569659763,0.8041666679912143
1777,0.5468322555224101,0.8055555542310079
1778,0.5360782106717428,0.8055555582046509
1779,0.5152565505769517,0.8291666640175713
1780,0.5154531505372789,0.8416666679912144
1781,0.5476167586114672,0.8152777791023255
1782,0.5261744704511431,0.8111111124356588
1783,0.5391945971382989,0.7944444417953491
1784,0.5461084365844726,0.8069444457689922
1785,0.5372414284282261,0.8055555542310079
1786,0.5232755886183844,0.8124999986754523
1787,0.5423741234673394,0.7916666666666666
1788,0.5502803418371413,0.8055555555555556
1789,0.5308240824275546,0.8097222195731268
1790,0.5205748975276947,0.8138888902134366
1791,0.5467489673031701,0.8180555542310078
1792,0.5197652379671732,0.8236111084620158
1793,0.53706896437539,0.8236111137602065
1794,0.5273239201969571,0.820833330684238
1795,0.508929415543874,0.8222222195731269
1796,0.5390174481603834,0.7999999973509047
1797,0.5026227765613132,0.8236111111111111
1798,0.552084317472246,0.7972222235467699
1799,0.5392425391409132,0.8111111097865634
1800,0.5436708940400018,0.7875
1801,0.5526462939050463,0.8069444431198968
1802,0.496767258644104,0.8319444470935398
1803,0.5209319935904608,0.8027777791023254
1804,0.5415032996071709,0.8097222235467699
1805,0.5263573129971822,0.8111111097865634
1806,0.5278332498338487,0.8069444457689922
1807,0.5402981148825752,0.8027777804268731
1808,0.53181328508589,0.8236111124356588
1809,0.514509810341729,0.8111111137602064
1810,0.5194275789790683,0.8194444457689921
1811,0.5279345406426323,0.8041666640175713
1812,0.528604476319419,0.8125
1813,0.5325399888886346,0.8180555529064603
1814,0.5665164444181654,0.8013888875643412
1815,0.5338744786050584,0.8013888875643412
1816,0.5376485374238756,0.804166669315762
1817,0.5282350911034478,0.8055555582046509
1818,0.5242268866962857,0.8236111097865635
1819,0.5453390134705438,0.7986111084620158
1820,0.5245159162415398,0.829166665342119
1821,0.5339176628324721,0.8152777791023255
1822,0.5136389825079176,0.820833334657881
1823,0.5065515571170383,0.8194444431198968
1824,0.5256871541341146,0.820833330684238
1825,0.5654378732045492,0.7861111084620158
1826,0.5469919919967652,0.8000000013245476
1827,0.5375316944387224,0.8236111097865635
1828,0.5273236248228285,0.8138888915379842
1829,0.5347287840313382,0.808333334657881
1830,0.5347340186436971,0.8138888915379842
1831,0.5147623327043321,0.8291666679912143
1832,0.5637385845184326,0.7944444470935398
1833,0.5242103709114923,0.8152777751286825
1834,0.5454769863022698,0.8041666679912143
1835,0.5285145342350006,0.7930555555555555
1836,0.5249743594063653,0.8125000026490953
1837,0.4946487738026513,0.8319444444444445
1838,0.5433360881275601,0.8041666666666667
1839,0.5346433281898498,0.8125000013245477
1840,0.5480183720588684,0.8083333333333333
1841,0.5292621831099192,0.8236111084620158
1842,0.5385962300830417,0.8027777751286824
1843,0.5226454668574863,0.8125000026490953
1844,0.5242714034186469,0.8277777777777777
1845,0.5354755163192749,0.7999999973509047
1846,0.5060669541358948,0.8194444417953491
1847,0.5078825487030877,0.8291666640175713
1848,0.5090455055236817,0.8277777791023254
1849,0.5236139867040847,0.8152777791023255
1850,0.5163063380453322,0.8083333333333333
1851,0.5007727119657729,0.8305555542310079
1852,0.5324812955326504,0.8166666679912143
1853,0.5185531960593329,0.8166666640175714
1854,0.543577327993181,0.8138888862397936
1855,0.5258268356323242,0.8027777791023254
1856,0.5232708003785875,0.8236111084620158
1857,0.5042018135388692,0.8319444417953491
1858,0.5226176222165425,0.833333330684238
1859,0.5224918882052104,0.8194444431198968
1860,0.5405259794659085,0.7930555542310079
1861,0.5447444968753391,0.7875000013245477
1862,0.5264430814319186,0.8152777764532301
1863,0.5294514881239997,0.8055555555555556
1864,0.5329083628124661,0.8166666666666667
1865,0.5165768451160855,0.8166666666666667
1866,0.5152030017640855,0.8263888862397936
1867,0.49358326660262214,0.8277777777777777
1868,0.5183716310395134,0.8069444444444445
1869,0.5246926294432745,0.8236111137602065
1870,0.5323235525025262,0.7944444457689921
1871,0.5502892818715838,0.7861111084620158
1872,0.5193326089117262,0.8138888902134366
1873,0.5507908900578816,0.8027777791023254
1874,0.5213539441426595,0.8222222222222222
1875,0.5405024886131287,0.8041666666666667
1876,0.5188797911008199,0.8180555582046509
1877,0.5411822491221958,0.7902777751286825
1878,0.5473047176996867,0.7930555555555555
1879,0.5214684810903337,0.8180555568801032
1880,0.5324964748488532,0.8263888862397936
1881,0.5204791731304592,0.8083333320087857
1882,0.5074059804280598,0.8180555542310078
1883,0.5386495325300429,0.8124999973509047
1884,0.5211084988382128,0.8152777791023255
1885,0.4962898466322157,0.8277777777777777
1886,0.5323012643390231,0.8152777777777778
1887,0.5405218005180359,0.8013888915379842
1888,0.5189396917819977,0.8138888862397936
1889,0.5116773294077979,0.8194444457689921
1890,0.5213137083583408,0.8236111124356588
1891,0.5099562168121338,0.8263888875643413
1892,0.5484838300281101,0.8013888915379842
1893,0.5144336289829678,0.8222222195731269
1894,0.5307250340779622,0.7958333359824287
1895,0.5383986274401347,0.795833334657881
1896,0.504574117395613,0.8236111097865635
1897,0.5294061488575406,0.8013888888888889
1898,0.4930130256546868,0.825
1899,0.5303181131680806,0.8152777777777778
1900,0.5400700913535224,0.808333330684238
1901,0.517416947417789,0.8055555542310079
1902,0.5228840642505221,0.8138888888888889
1903,0.5244132267104255,0.8319444444444445
1904,0.519242192639245,0.8041666679912143
1905,0.5190561135609945,0.8249999973509047
1906,0.5309663587146335,0.8097222195731268
1907,0.5182972404691908,0.8222222208976746
1908,0.5234324110878839,0.8111111097865634
1909,0.5165163490507337,0.8138888875643412
1910,0.5231319083107843,0.816666669315762
1911,0.49851306941774154,0.8305555568801032
1912,0.5184228301048279,0.8180555555555555
1913,0.543423781130049,0.804166665342119
1914,0.5078725298245748,0.8388888888888889
1915,0.5327549007203843,0.8069444444444445
1916,0.5105794721179538,0.8125
1917,0.4984007146623399,0.8361111097865634
1918,0.5043484528859457,0.8263888915379842
1919,0.4986702866024441,0.8333333359824286
1920,0.5262135797076755,0.8111111124356588
1921,0.5209409515062968,0.820833334657881
1922,0.5223570704460144,0.8166666640175714
1923,0.534842480553521,0.8027777751286824
1924,0.5119397011068132,0.816666665342119
1925,0.5205423096815746,0.8152777804268732
1926,0.5316385613547431,0.8097222208976745
1927,0.5149770299593608,0.8097222248713175
1928,0.5283378071255154,0.808333330684238
1929,0.5247110234366523,0.7958333359824287
1930,0.5110780424541898,0.8111111111111111
1931,0.5050451636314393,0.8222222248713176
1932,0.5544066641065809,0.7791666679912144
1933,0.5629724926418729,0.7916666666666666
1934,0.5131238102912903,0.8194444417953491
1935,0.5007719291581048,0.8263888888888888
1936,0.5117839084731208,0.8277777777777777
1937,0.5163019935290019,0.8138888915379842
1938,0.5299456795056661,0.8124999973509047
1939,0.5261089510387844,0.8208333359824287
1940,0.5352164374457465,0.8138888862397936
1941,0.5298026164372762,0.8138888875643412
1942,0.5118223004870944,0.8194444457689921
1943,0.5231532361772325,0.8083333333333333
1944,0.5297761764791277,0.804166665342119
1945,0.5174141155348884,0.8166666640175714
1946,0.5280869391229418,0.804166665342119
1947,0.5260047382778592,0.8111111097865634
1948,0.5176348050435384,0.8083333333333333
1949,0.5192722373538547,0.8222222235467699
1950,0.5154076298077901,0.8222222235467699
1951,0.5449814173910353,0.8069444470935397
1952,0.5148188696967231,0.8263888888888888
1953,0.5628136171234979,0.7736111084620158
1954,0.48595212168163726,0.8472222235467699
1955,0.5234057996008131,0.8097222222222222
1956,0.5311933742629157,0.8236111137602065
1957,0.49781604210535685,0.8347222222222223
1958,0.5334222555160523,0.7972222235467699
1959,0.5195685995949639,0.8041666640175713
1960,0.5305806809001499,0.8041666666666667
1961,0.5271722224023607,0.7930555542310079
1962,0.5144165847036574,0.8416666640175714
1963,0.5427322891023424,0.8111111097865634
1964,0.49862329562505087,0.829166665342119
1965,0.5110419167412652,0.8166666666666667
1966,0.5076021684540643,0.820833334657881
1967,0.5211163229412503,0.8305555568801032
1968,0.5140550242529975,0.8041666640175713
1969,0.5136766566170586,0.8055555542310079
1970,0.5197485645612081,0.8111111124356588
1971,0.5262843317455715,0.8111111137602064
1972,0.5105690227614509,0.8208333333333333
1973,0.5471359385384453,0.7902777791023254
1974,0.5272096302774217,0.820833334657881
1975,0.5015761574109395,0.8305555568801032
1976,0.4971795876820882,0.8111111111111111
1977,0.5147731237941318,0.8347222208976746
1978,0.5299721638361613,0.8069444457689922
1979,0.4921795646349589,0.8402777791023255
1980,0.5400357253021664,0.7999999986754524
1981,0.5366133213043213,0.7944444431198968
1982,0.5437854581409031,0.8041666640175713
1983,0.5229289789994558,0.8041666666666667
1984,0.5087092922793495,0.8180555555555555
1985,0.522274747159746,0.8069444417953491
1986,0.5017580615149604,0.8263888915379842
1987,0.5145597815513611,0.8083333359824286
1988,0.4910549587673611,0.816666669315762
1989,0.5010157697730594,0.8194444444444444
1990,0.5068987250328064,0.8041666640175713
1991,0.5172037998835246,0.8180555555555555
1992,0.5250821424855127,0.808333334657881
1993,0.5076083064079284,0.8180555582046509
1994,0.5197550038496653,0.7986111111111112
1995,0.5121792793273926,0.8069444457689922
1996,0.5011871099472046,0.8347222222222223
1997,0.5084096286031935,0.8305555568801032
1998,0.5230012204911973,0.8013888902134365
1999,0.5115542206499312,0.8055555568801032
2000,0.5332778089576298,0.8152777764532301
2001,0.5092090341779921,0.8152777751286825
2002,0.5130677898724874,0.8347222208976746
2003,0.5018689182069567,0.816666665342119
2004,0.5106345189942254,0.8152777777777778
2005,0.5226235118177202,0.8166666666666667
2006,0.5168709476788839,0.8194444444444444
2007,0.5068742540147569,0.8291666679912143
2008,0.5643306798405118,0.7902777791023254
2009,0.4984400510787964,0.8236111097865635
2010,0.5136878437466091,0.8097222195731268
2011,0.5096789201100668,0.8263888915379842
2012,0.4911423405011495,0.8402777777777778
2013,0.48372226423687403,0.8249999973509047
2014,0.5106139381726583,0.7999999973509047
2015,0.5353099160724216,0.804166665342119
2016,0.5225689464145237,0.8069444417953491
2017,0.5017896731694539,0.8222222222222222
2018,0.5264796243773566,0.7944444470935398
2019,0.5337231993675232,0.7972222248713176
2020,0.5187554988596175,0.8277777804268731
2021,0.4993097298675113,0.820833334657881
2022,0.5127283579773373,0.8055555582046509
2023,0.5138293325901031,0.8166666679912143
2024,0.5256147649553087,0.7986111111111112
2025,0.5293120483557383,0.8124999973509047
2026,0.49481218655904136,0.8347222208976746
2027,0.48606913950708175,0.8347222208976746
2028,0.5102816045284271,0.8305555582046509
2029,0.4855483525329166,0.8444444444444444
2030,0.4799352334605323,0.8375000026490953
2031,0.5282367593712277,0.8097222235467699
2032,0.5203555855486128,0.7999999986754524
2033,0.4888305498494042,0.8305555568801032
2034,0.5057362622684902,0.8111111137602064
2035,0.5055585145950318,0.8222222235467699
2036,0.5168596360418531,0.8305555555555556
2037,0.5324703998035855,0.8013888875643412
2038,0.5451362729072571,0.7986111084620158
2039,0.52011559009552,0.8194444417953491
2040,0.5261112464798822,0.7888888915379842
2041,0.5289082474178738,0.8111111084620158
2042,0.5115239765908983,0.8319444444444445
2043,0.5095726331075032,0.8263888902134365
2044,0.5275300833914015,0.8208333359824287
2045,0.5293940769301521,0.8027777777777778
2046,0.5162410563892789,0.820833334657881
2047,0.5100273807843526,0.820833330684238
2048,0.5075571523772345,0.8166666640175714
2049,0.4918199896812439,0.8486111097865634
2050,0.5184479355812073,0.8180555542310078
2051,0.4819319294558631,0.8347222208976746
2052,0.5088151309225294,0.8208333359824287
2053,0.5366913927925958,0.7986111124356587
2054,0.5022788736555311,0.8236111137602065
2055,0.5033779753579034,0.8152777764532301
2056,0.49700983100467255,0.8472222195731269
2057,0.4935650944709778,0.8138888888888889
2058,0.4963015231821272,0.8263888888888888
2059,0.5250155886014303,0.8138888915379842
2060,0.5033164123694102,0.8124999986754523
2061,0.5372649523946974,0.8041666679912143
2062,0.47755364576975506,0.8472222235467699
2063,0.48660824696222943,0.8361111137602064
2064,0.5186688780784607,0.8222222235467699
2065,0.5260006917847527,0.8222222195731269
2066,0.5123154269324408,0.8111111097865634
2067,0.4897873196336958,0.8375
2068,0.5297399209605322,0.7944444444444444
2069,0.4887420223818885,0.8444444444444444
2070,0.48355335659450954,0.8263888875643413
2071,0.5041473189989726,0.8277777791023254
2072,0.5090110785431332,0.8111111084620158
2073,0.5166102038489447,0.8138888862397936
2074,0.5029051436318291,0.829166665342119
2075,0.4919185611936781,0.8111111111111111
2076,0.5001764270994399,0.8249999973509047
2077,0.5012135598394606,0.8263888888888888
2078,0.5085386011335585,0.8263888915379842
2079,0.5076796001858181,0.8305555568801032
2080,0.4936184154616462,0.825
2081,0.5053469220797221,0.8249999973509047
2082,0.5120025091701084,0.808333334657881
2083,0.5136016858948602,0.8180555529064603
2084,0.49024383624394735,0.8277777791023254
2085,0.5123240563604566,0.8180555568801032
2086,0.524745582209693,0.8055555555555556
2087,0.49248763786421884,0.8333333320087857
2088,0.49421771102481415,0.8472222222222222
2089,0.5142621311876509,0.8138888862397936
2090,0.49171493185891046,0.8277777791023254
2091,0.5112715535693698,0.8291666666666667
2092,0.5220754716131423,0.8277777764532301
2093,0.519952838950687,0.8152777751286825
2094,0.497333738538954,0.8152777777777778
2095,0.49541518489519754,0.8388888875643412
2096,0.5164280454317729,0.8083333359824286
2097,0.5051137612925636,0.8166666640175714
2098,0.5391616529888577,0.8
2099,0.5325911627875434,0.8125000026490953
2100,0.5102086027463277,0.8263888875643413
2101,0.4782858841949039,0.8402777764532301
2102,0.4939807845486535,0.8236111084620158
2103,0.5095702588558197,0.8013888888888889
2104,0.5257513264815012,0.8027777764532301
2105,0.5123246272404989,0.8194444470935398
2106,0.5156143440140618,0.8111111137602064
2107,0.5136387295193142,0.8124999986754523
2108,0.5169168220625984,0.816666669315762
2109,0.5212414648797777,0.8194444431198968
2110,0.49466334448920357,0.8555555568801032
2111,0.48712242444356285,0.8430555529064603
2112,0.5102588388654921,0.8194444457689921
2113,0.4717002087169223,0.8388888862397935
2114,0.5114802678426107,0.8236111124356588
2115,0.5296140889326731,0.8013888888888889
2116,0.5337129142549303,0.7930555555555555
2117,0.4878912674056159,0.8347222235467698
2118,0.48223105006747774,0.8305555542310079
2119,0.496968592537774,0.8361111124356587
2120,0.5066972421275244,0.8166666640175714
2121,0.4859113057454427,0.8250000026490953
2122,0.5333991143438551,0.7861111111111111
2123,0.5212856491406759,0.8041666679912143
2124,0.49801588323381213,0.8180555542310078
2125,0.5302685168054369,0.8111111137602064
2126,0.49253206385506526,0.8194444431198968
2127,0.4934863090515137,0.8180555582046509
2128,0.5138549870914884,0.7986111124356587
2129,0.4941661622789171,0.8277777777777777
2130,0.488485982020696,0.8236111137602065
2131,0.49406960739029776,0.8319444470935398
2132,0.5262223839759826,0.7944444417953491
2133,0.5009397413995531,0.8222222222222222
2134,0.49698981245358786,0.8277777764532301
2135,0.5194774548212687,0.8152777751286825
2136,0.5088879386583964,0.8222222235467699
2137,0.5092479666074117,0.8124999986754523
2138,0.5123627609676785,0.8277777791023254
2139,0.5233532336023119,0.7944444417953491
2140,0.48826282289293077,0.8375
2141,0.5218022068341573,0.808333330684238
2142,0.5168694628609551,0.8180555568801032
2143,0.5205990725093418,0.8138888875643412
2144,0.5063015037112766,0.8152777764532301
2145,0.4935481395986345,0.8180555582046509
2146,0.5100565301047431,0.8166666666666667
2147,0.5009714557064904,0.8236111111111111
2148,0.5144516759448581,0.8083333359824286
2149,0.5217648479673598,0.8222222235467699
2150,0.5330252925554911,0.808333330684238
2151,0.4768724309073554,0.8347222248713175
2152,0.48977201647228663,0.8361111124356587
2153,0.5096371637450324,0.8277777791023254
2154,0.5116396612591214,0.8055555568801032
2155,0.48491596513324314,0.8319444470935398
2156,0.4964799867735969,0.8277777791023254
2157,0.5229857444763184,0.8250000026490953
2158,0.5010710424847074,0.8194444470935398
2159,0.5159201635254754,0.8236111084620158
2160,0.49052880075242783,0.8277777777777777
2161,0.5082240104675293,0.8013888862397935
2162,0.5173141121864319,0.8124999986754523
2163,0.5367465469572279,0.7986111124356587
2164,0.49133116337988114,0.8430555529064603
2165,0.4948903726206885,0.8361111097865634
2166,0.4948708759413825,0.8194444457689921
2167,0.5104907770951589,0.8069444417953491
2168,0.4827552596728007,0.8319444470935398
2169,0.5190370572937859,0.8194444470935398
2170,0.5195657094319661,0.8222222248713176
2171,0.5167930523554484,0.8277777804268731
2172,0.4676400250858731,0.8430555582046508
2173,0.5023209200965033,0.8222222248713176
2174,0.48625342316097686,0.8361111111111111
2175,0.4972581273979611,0.8138888915379842
2176,0.4960920400089688,0.8194444431198968
2177,0.5109577629301283,0.8111111124356588
2178,0.4960152937306298,0.8319444470935398
2179,0.49513566361533273,0.8402777751286824
2180,0.4988570431868235,0.8277777804268731
2181,0.48799777825673424,0.8194444457689921
2182,0.5221715569496155,0.8097222195731268
2183,0.47544007433785335,0.8375000026490953
2184,0.49750432040956283,0.8138888875643412
2185,0.5083107146951887,0.8138888862397936
2186,0.5167826374371847,0.8013888902134365
2187,0.5074719495243496,0.8138888915379842
2188,0.4996010098192427,0.8236111124356588
2189,0.5110596193207635,0.8291666666666667
2190,0.5053112771775987,0.8374999986754523
2191,0.5220398280355666,0.8138888862397936
2192,0.48108960919910004,0.8263888862397936
2193,0.5128982106844584,0.8222222222222222
2194,0.5067860179477268,0.8083333359824286
2195,0.5290688276290894,0.8069444417953491
2196,0.500340994199117,0.8194444417953491
2197,0.49401232136620415,0.8222222208976746
2198,0.4725815037886302,0.8527777764532302
2199,0.500095025698344,0.8333333320087857
2200,0.5093789325820075,0.8027777764532301
2201,0.5044083714485168,0.8166666679912143
2202,0.49278471999698215,0.8277777777777777
2203,0.49302009211646186,0.8097222195731268
2204,0.48977592123879327,0.8111111097865634
2205,0.4829849163691203,0.8305555568801032
2206,0.4732227325439453,0.8458333320087856
2207,0.5008262912432353,0.8152777764532301
2208,0.5038394020663367,0.8194444417953491
2209,0.49777899583180746,0.8305555529064602
2210,0.5265325758192274,0.8041666640175713
2211,0.5016637126604716,0.8222222248713176
2212,0.5121172474490272,0.8055555568801032
2213,0.5148679600821601,0.8111111137602064
2214,0.4940246833695306,0.8291666666666667
2215,0.4810211830668979,0.8347222248713175
2216,0.48981613516807554,0.8319444470935398
2217,0.497121889061398,0.8152777804268732
2218,0.5168244401613872,0.8013888902134365
2219,0.5149477230177986,0.8111111097865634
2220,0.47680408027437,0.8458333333333333
2221,0.4918563730186886,0.8222222195731269
2222,0.5223067230648465,0.8263888888888888
2223,0.5148249467213949,0.8083333359824286
2224,0.4989935623274909,0.8319444470935398
2225,0.4967503282758925,0.8249999986754524
2226,0.4938279522789849,0.8152777791023255
2227,0.5002722673945956,0.8194444457689921
2228,0.5072122428152296,0.8249999973509047
2229,0.48786813881662155,0.8388888875643412
2230,0.4850381169054243,0.8319444457689921
2231,0.49875743654039173,0.829166669315762
2232,0.4864540100097656,0.8277777777777777
2233,0.5100496278868781,0.7972222222222223
2234,0.5128150979677836,0.7944444457689921
2235,0.5095004445976681,0.8125
2236,0.5230074048042297,0.7999999986754524
2237,0.4867253628042009,0.8305555542310079
2238,0.4861046353975932,0.829166669315762
2239,0.5025982962714302,0.8152777751286825
2240,0.5133049223158095,0.8194444444444444
2241,0.5030166414048937,0.8208333359824287
2242,0.49132025241851807,0.8375
2243,0.49326853619681466,0.8027777751286824
2244,0.4959616992208693,0.8319444457689921
2245,0.4856395337316725,0.8444444417953492
2246,0.498985845512814,0.8236111137602065
2247,0.4964550111028883,0.8291666640175713
2248,0.512201064825058,0.8236111111111111
2249,0.5049910134739346,0.8180555529064603
2250,0.5172577500343323,0.7986111084620158
2251,0.4930437750286526,0.833333330684238
2252,0.5052193191316393,0.8208333320087857
2253,0.4923887650171916,0.8388888875643412
2254,0.5030322810014088,0.8125000013245477
2255,0.5122297194268969,0.8041666666666667
2256,0.5117415044042799,0.8166666666666667
2257,0.49891034828291997,0.820833334657881
2258,0.49189169141981337,0.8236111124356588
2259,0.5092094341913859,0.8138888888888889
2260,0.5098671542273627,0.8138888875643412
2261,0.4929020126660665,0.8375000013245477
2262,0.5129389233059354,0.816666669315762
2263,0.5088695579104954,0.8180555529064603
2264,0.49423606793085734,0.8236111111111111
2265,0.5116374572118123,0.8041666666666667
2266,0.5137409170468649,0.8069444417953491
2267,0.485223161511951,0.8361111124356587
2268,0.49356584019131133,0.8236111124356588
2269,0.49386750393443635,0.8180555542310078
2270,0.49718874295552573,0.8152777751286825
2271,0.49683432711495296,0.8291666640175713
2272,0.48470928536521063,0.8388888888888889
2273,0.5103215800391303,0.808333330684238
2274,0.5093924310472276,0.8138888875643412
2275,0.4756632705529531,0.845833330684238
2276,0.5141244457827674,0.8180555568801032
2277,0.4893085585700141,0.8222222248713176
2278,0.498601320054796,0.8319444444444445
2279,0.5226001256042057,0.8027777804268731
2280,0.5187567777103848,0.8
2281,0.48934548563427394,0.8319444444444445
2282,0.49921170738008286,0.8222222235467699
